id,date,debit,credit,amount_cents,currency,canary
t000001,2026-01-01,4000,1000,40970,USD,cdb404201976da67
t000002,2026-01-01,4000,2000,5566,USD,cdb404201976da67
t000003,2026-01-01,4471,3000,3823,USD,cdb404201976da67
t000004,2026-01-01,1000,3000,4609,USD,cdb404201976da67
t000005,2026-01-01,4471,3000,69015,USD,cdb404201976da67
t000006,2026-01-01,1200,3000,60880,USD,cdb404201976da67
t000007,2026-01-01,1000,4471,204655,USD,cdb404201976da67
t000008,2026-01-01,1000,4471,35177,USD,cdb404201976da67
t000009,2026-01-01,1200,3000,481,USD,cdb404201976da67
t000010,2026-01-01,4000,2000,181795,USD,cdb404201976da67
t000011,2026-01-01,1200,3000,113448,USD,cdb404201976da67
t000012,2026-01-01,4000,2000,123712,USD,cdb404201976da67
t000013,2026-01-01,6000,1000,63065,USD,cdb404201976da67
t000014,2026-01-01,1000,1200,9939,USD,cdb404201976da67
t000015,2026-01-01,1200,3000,178774,USD,cdb404201976da67
t000016,2026-01-01,4000,1000,219606,USD,cdb404201976da67
t000017,2026-01-01,1000,1200,56120,USD,cdb404201976da67
t000018,2026-01-01,1000,3000,191349,USD,cdb404201976da67
t000019,2026-01-01,4000,1000,228956,USD,cdb404201976da67
t000020,2026-01-01,1200,3000,15606,USD,cdb404201976da67
t000021,2026-01-01,2000,1000,115727,USD,cdb404201976da67
t000022,2026-01-01,4000,1000,1969,USD,cdb404201976da67
t000023,2026-01-01,1000,3000,8381,USD,cdb404201976da67
t000024,2026-01-01,1000,1200,207844,USD,cdb404201976da67
t000025,2026-01-01,1000,3000,1740,USD,cdb404201976da67
t000026,2026-01-01,4000,1000,172351,USD,cdb404201976da67
t000027,2026-01-01,2000,1000,1112,USD,cdb404201976da67
t000028,2026-01-01,4000,2000,92711,USD,cdb404201976da67
t000029,2026-01-01,1000,3000,7266,USD,cdb404201976da67
t000030,2026-01-01,6000,1000,48723,USD,cdb404201976da67
t000031,2026-01-01,1200,3000,233826,USD,cdb404201976da67
t000032,2026-01-01,1000,4471,8495,USD,cdb404201976da67
t000033,2026-01-01,1000,4471,20659,USD,cdb404201976da67
t000034,2026-01-01,1000,3000,145961,USD,cdb404201976da67
t000035,2026-01-01,1000,4471,61381,USD,cdb404201976da67
t000036,2026-01-01,1200,3000,96213,USD,cdb404201976da67
t000037,2026-01-01,4000,1000,43849,USD,cdb404201976da67
t000038,2026-01-01,4000,2000,1710,USD,cdb404201976da67
t000039,2026-01-01,1000,4471,221933,USD,cdb404201976da67
t000040,2026-01-02,4000,2000,149160,USD,cdb404201976da67
t000041,2026-01-02,6000,1000,6128,USD,cdb404201976da67
t000042,2026-01-02,4000,1000,3153,USD,cdb404201976da67
t000043,2026-01-02,1000,4471,4403,USD,cdb404201976da67
t000044,2026-01-02,2000,1000,4034,USD,cdb404201976da67
t000045,2026-01-02,4000,2000,61081,USD,cdb404201976da67
t000046,2026-01-02,1000,1200,1376,USD,cdb404201976da67
t000047,2026-01-02,1000,3000,24270,USD,cdb404201976da67
t000048,2026-01-02,1200,3000,15336,USD,cdb404201976da67
t000049,2026-01-02,1200,3000,222712,USD,cdb404201976da67
t000050,2026-01-02,1000,1200,29752,USD,cdb404201976da67
t000051,2026-01-02,1200,3000,136247,USD,cdb404201976da67
t000052,2026-01-02,6000,1000,128339,USD,cdb404201976da67
t000053,2026-01-02,2000,1000,7399,USD,cdb404201976da67
t000054,2026-01-02,4000,2000,4870,USD,cdb404201976da67
t000055,2026-01-02,6000,1000,143036,USD,cdb404201976da67
t000056,2026-01-02,1200,3000,26761,USD,cdb404201976da67
t000057,2026-01-02,4000,1000,61019,USD,cdb404201976da67
t000058,2026-01-02,6000,1000,248832,USD,cdb404201976da67
t000059,2026-01-02,1000,3000,45820,USD,cdb404201976da67
t000060,2026-01-02,4000,1000,45320,USD,cdb404201976da67
t000061,2026-01-02,1000,4471,148492,USD,cdb404201976da67
t000062,2026-01-02,4471,3000,5186,USD,cdb404201976da67
t000063,2026-01-02,1200,3000,164455,USD,cdb404201976da67
t000064,2026-01-02,4000,1000,9823,USD,cdb404201976da67
t000065,2026-01-02,6000,1000,1283,USD,cdb404201976da67
t000066,2026-01-02,1200,3000,210622,USD,cdb404201976da67
t000067,2026-01-02,1200,3000,94554,USD,cdb404201976da67
t000068,2026-01-02,4000,1000,210183,USD,cdb404201976da67
t000069,2026-01-02,4471,3000,40467,USD,cdb404201976da67
t000070,2026-01-02,4000,2000,58745,USD,cdb404201976da67
t000071,2026-01-02,2000,1000,20606,USD,cdb404201976da67
t000072,2026-01-02,2000,1000,5263,USD,cdb404201976da67
t000073,2026-01-02,6000,1000,2912,USD,cdb404201976da67
t000074,2026-01-02,1000,3000,163755,USD,cdb404201976da67
t000075,2026-01-02,6000,1000,8968,USD,cdb404201976da67
t000076,2026-01-02,1000,3000,49384,USD,cdb404201976da67
t000077,2026-01-02,4471,3000,217146,USD,cdb404201976da67
t000078,2026-01-02,6000,1000,101977,USD,cdb404201976da67
t000079,2026-01-02,4000,1000,203845,USD,cdb404201976da67
t000080,2026-01-03,4000,1000,226884,USD,cdb404201976da67
t000081,2026-01-03,1000,3000,700,USD,cdb404201976da67
t000082,2026-01-03,1000,3000,55783,USD,cdb404201976da67
t000083,2026-01-03,1000,1200,111575,USD,cdb404201976da67
t000084,2026-01-03,1200,3000,5992,USD,cdb404201976da67
t000085,2026-01-03,1000,3000,168897,USD,cdb404201976da67
t000086,2026-01-03,1000,3000,239667,USD,cdb404201976da67
t000087,2026-01-03,1000,3000,2591,USD,cdb404201976da67
t000088,2026-01-03,4000,1000,126563,USD,cdb404201976da67
t000089,2026-01-03,1000,3000,145682,USD,cdb404201976da67
t000090,2026-01-03,1200,3000,183635,USD,cdb404201976da67
t000091,2026-01-03,1000,1200,246735,USD,cdb404201976da67
t000092,2026-01-03,1000,3000,1880,USD,cdb404201976da67
t000093,2026-01-03,6000,1000,1305,USD,cdb404201976da67
t000094,2026-01-03,4000,1000,171700,USD,cdb404201976da67
t000095,2026-01-03,1000,3000,142933,USD,cdb404201976da67
t000096,2026-01-03,4000,1000,6435,USD,cdb404201976da67
t000097,2026-01-03,6000,1000,151719,USD,cdb404201976da67
t000098,2026-01-03,1000,1200,96960,USD,cdb404201976da67
t000099,2026-01-03,1000,1200,6412,USD,cdb404201976da67
t000100,2026-01-03,4000,2000,199424,USD,cdb404201976da67
t000101,2026-01-03,1200,3000,4387,USD,cdb404201976da67
t000102,2026-01-03,1000,1200,30682,USD,cdb404201976da67
t000103,2026-01-03,1000,1200,158199,USD,cdb404201976da67
t000104,2026-01-03,6000,1000,152513,USD,cdb404201976da67
t000105,2026-01-03,1000,3000,99646,USD,cdb404201976da67
t000106,2026-01-03,1000,4471,88081,USD,cdb404201976da67
t000107,2026-01-03,4000,2000,47281,USD,cdb404201976da67
t000108,2026-01-03,1000,4471,906,USD,cdb404201976da67
t000109,2026-01-03,1000,3000,126809,USD,cdb404201976da67
t000110,2026-01-03,1200,3000,97755,USD,cdb404201976da67
t000111,2026-01-03,1000,1200,232595,USD,cdb404201976da67
t000112,2026-01-03,1000,1200,3103,USD,cdb404201976da67
t000113,2026-01-03,1200,3000,6597,USD,cdb404201976da67
t000114,2026-01-03,1000,3000,1970,USD,cdb404201976da67
t000115,2026-01-03,4471,3000,248360,USD,cdb404201976da67
t000116,2026-01-03,2000,1000,104515,USD,cdb404201976da67
t000117,2026-01-03,2000,1000,154721,USD,cdb404201976da67
t000118,2026-01-03,1200,3000,215549,USD,cdb404201976da67
t000119,2026-01-03,6000,1000,185323,USD,cdb404201976da67
t000120,2026-01-04,4471,3000,21752,USD,cdb404201976da67
t000121,2026-01-04,4000,2000,53879,USD,cdb404201976da67
t000122,2026-01-04,1200,3000,115099,USD,cdb404201976da67
t000123,2026-01-04,4000,1000,20908,USD,cdb404201976da67
t000124,2026-01-04,6000,1000,106112,USD,cdb404201976da67
t000125,2026-01-04,4471,3000,39968,USD,cdb404201976da67
t000126,2026-01-04,6000,1000,213485,USD,cdb404201976da67
t000127,2026-01-04,1000,4471,144174,USD,cdb404201976da67
t000128,2026-01-04,6000,1000,141914,USD,cdb404201976da67
t000129,2026-01-04,1000,1200,4298,USD,cdb404201976da67
t000130,2026-01-04,1000,3000,88697,USD,cdb404201976da67
t000131,2026-01-04,4000,1000,110819,USD,cdb404201976da67
t000132,2026-01-04,4000,1000,38247,USD,cdb404201976da67
t000133,2026-01-04,6000,1000,217387,USD,cdb404201976da67
t000134,2026-01-04,1000,4471,27433,USD,cdb404201976da67
t000135,2026-01-04,1200,3000,170414,USD,cdb404201976da67
t000136,2026-01-04,1200,3000,156063,USD,cdb404201976da67
t000137,2026-01-04,1000,1200,7694,USD,cdb404201976da67
t000138,2026-01-04,6000,1000,4363,USD,cdb404201976da67
t000139,2026-01-04,1000,4471,1270,USD,cdb404201976da67
t000140,2026-01-04,1000,3000,14407,USD,cdb404201976da67
t000141,2026-01-04,1000,1200,45961,USD,cdb404201976da67
t000142,2026-01-04,4000,1000,195249,USD,cdb404201976da67
t000143,2026-01-04,2000,1000,64574,USD,cdb404201976da67
t000144,2026-01-04,2000,1000,146410,USD,cdb404201976da67
t000145,2026-01-04,1200,3000,213221,USD,cdb404201976da67
t000146,2026-01-04,1000,3000,163096,USD,cdb404201976da67
t000147,2026-01-04,1000,3000,198298,USD,cdb404201976da67
t000148,2026-01-04,2000,1000,33207,USD,cdb404201976da67
t000149,2026-01-04,4471,3000,80922,USD,cdb404201976da67
t000150,2026-01-04,4000,1000,3148,USD,cdb404201976da67
t000151,2026-01-04,4000,2000,56827,USD,cdb404201976da67
t000152,2026-01-04,4471,3000,183829,USD,cdb404201976da67
t000153,2026-01-04,6000,1000,188010,USD,cdb404201976da67
t000154,2026-01-04,1000,3000,219918,USD,cdb404201976da67
t000155,2026-01-04,1000,1200,6356,USD,cdb404201976da67
t000156,2026-01-04,1000,1200,8358,USD,cdb404201976da67
t000157,2026-01-04,1000,3000,157787,USD,cdb404201976da67
t000158,2026-01-04,2000,1000,7710,USD,cdb404201976da67
t000159,2026-01-04,2000,1000,834,USD,cdb404201976da67
t000160,2026-01-05,4000,1000,4358,USD,cdb404201976da67
t000161,2026-01-05,1200,3000,225002,USD,cdb404201976da67
t000162,2026-01-05,4000,2000,194776,USD,cdb404201976da67
t000163,2026-01-05,4471,3000,224412,USD,cdb404201976da67
t000164,2026-01-05,4000,1000,4841,USD,cdb404201976da67
t000165,2026-01-05,1200,3000,81084,USD,cdb404201976da67
t000166,2026-01-05,4471,3000,8233,USD,cdb404201976da67
t000167,2026-01-05,1000,3000,3064,USD,cdb404201976da67
t000168,2026-01-05,4000,1000,47675,USD,cdb404201976da67
t000169,2026-01-05,6000,1000,200453,USD,cdb404201976da67
t000170,2026-01-05,4000,2000,214423,USD,cdb404201976da67
t000171,2026-01-05,1200,3000,5683,USD,cdb404201976da67
t000172,2026-01-05,4000,2000,12477,USD,cdb404201976da67
t000173,2026-01-05,4000,1000,193594,USD,cdb404201976da67
t000174,2026-01-05,4000,2000,9267,USD,cdb404201976da67
t000175,2026-01-05,1200,3000,6809,USD,cdb404201976da67
t000176,2026-01-05,4000,1000,1425,USD,cdb404201976da67
t000177,2026-01-05,4000,2000,115832,USD,cdb404201976da67
t000178,2026-01-05,1000,3000,1059,USD,cdb404201976da67
t000179,2026-01-05,1000,1200,79995,USD,cdb404201976da67
t000180,2026-01-05,2000,1000,50815,USD,cdb404201976da67
t000181,2026-01-05,1000,1200,206942,USD,cdb404201976da67
t000182,2026-01-05,1000,4471,7666,USD,cdb404201976da67
t000183,2026-01-05,1000,3000,557,USD,cdb404201976da67
t000184,2026-01-05,4000,2000,105893,USD,cdb404201976da67
t000185,2026-01-05,6000,1000,89212,USD,cdb404201976da67
t000186,2026-01-05,1000,4471,86013,USD,cdb404201976da67
t000187,2026-01-05,1000,1200,173072,USD,cdb404201976da67
t000188,2026-01-05,4000,1000,128110,USD,cdb404201976da67
t000189,2026-01-05,1000,3000,2585,USD,cdb404201976da67
t000190,2026-01-05,6000,1000,137797,USD,cdb404201976da67
t000191,2026-01-05,4000,1000,8284,USD,cdb404201976da67
t000192,2026-01-05,1000,4471,245708,USD,cdb404201976da67
t000193,2026-01-05,4000,2000,213047,USD,cdb404201976da67
t000194,2026-01-05,4000,1000,223465,USD,cdb404201976da67
t000195,2026-01-05,1000,1200,165962,USD,cdb404201976da67
t000196,2026-01-05,4471,3000,2392,USD,cdb404201976da67
t000197,2026-01-05,1000,4471,237466,USD,cdb404201976da67
t000198,2026-01-05,1000,1200,9302,USD,cdb404201976da67
t000199,2026-01-05,4000,2000,6456,USD,cdb404201976da67
t000200,2026-01-06,6000,1000,59474,USD,cdb404201976da67
t000201,2026-01-06,1000,4471,51815,USD,cdb404201976da67
t000202,2026-01-06,4000,1000,97918,USD,cdb404201976da67
t000203,2026-01-06,4000,1000,1369,USD,cdb404201976da67
t000204,2026-01-06,1000,3000,225881,USD,cdb404201976da67
t000205,2026-01-06,1000,3000,170743,USD,cdb404201976da67
t000206,2026-01-06,1000,1200,9701,USD,cdb404201976da67
t000207,2026-01-06,4471,3000,36216,USD,cdb404201976da67
t000208,2026-01-06,1000,4471,160117,USD,cdb404201976da67
t000209,2026-01-06,4000,1000,8415,USD,cdb404201976da67
t000210,2026-01-06,1000,3000,173213,USD,cdb404201976da67
t000211,2026-01-06,1200,3000,166041,USD,cdb404201976da67
t000212,2026-01-06,1000,1200,7699,USD,cdb404201976da67
t000213,2026-01-06,6000,1000,3224,USD,cdb404201976da67
t000214,2026-01-06,1000,4471,1325,USD,cdb404201976da67
t000215,2026-01-06,4000,1000,9823,USD,cdb404201976da67
t000216,2026-01-06,6000,1000,17621,USD,cdb404201976da67
t000217,2026-01-06,1000,3000,213996,USD,cdb404201976da67
t000218,2026-01-06,1000,1200,156953,USD,cdb404201976da67
t000219,2026-01-06,4000,1000,218031,USD,cdb404201976da67
t000220,2026-01-06,1000,1200,150154,USD,cdb404201976da67
t000221,2026-01-06,6000,1000,7558,USD,cdb404201976da67
t000222,2026-01-06,1200,3000,7080,USD,cdb404201976da67
t000223,2026-01-06,1000,3000,18207,USD,cdb404201976da67
t000224,2026-01-06,1200,3000,9548,USD,cdb404201976da67
t000225,2026-01-06,1000,1200,43870,USD,cdb404201976da67
t000226,2026-01-06,1000,3000,5845,USD,cdb404201976da67
t000227,2026-01-06,4000,2000,16901,USD,cdb404201976da67
t000228,2026-01-06,1000,4471,141079,USD,cdb404201976da67
t000229,2026-01-06,4000,2000,1817,USD,cdb404201976da67
t000230,2026-01-06,4000,2000,13385,USD,cdb404201976da67
t000231,2026-01-06,6000,1000,181912,USD,cdb404201976da67
t000232,2026-01-06,1200,3000,115481,USD,cdb404201976da67
t000233,2026-01-06,4000,2000,248103,USD,cdb404201976da67
t000234,2026-01-06,1200,3000,43520,USD,cdb404201976da67
t000235,2026-01-06,2000,1000,93643,USD,cdb404201976da67
t000236,2026-01-06,1000,3000,42372,USD,cdb404201976da67
t000237,2026-01-06,1000,3000,151929,USD,cdb404201976da67
t000238,2026-01-06,1000,4471,5698,USD,cdb404201976da67
t000239,2026-01-06,6000,1000,106704,USD,cdb404201976da67
t000240,2026-01-07,6000,1000,191700,USD,cdb404201976da67
t000241,2026-01-07,2000,1000,173004,USD,cdb404201976da67
t000242,2026-01-07,1000,1200,8577,USD,cdb404201976da67
t000243,2026-01-07,4000,1000,80590,USD,cdb404201976da67
t000244,2026-01-07,1200,3000,2132,USD,cdb404201976da67
t000245,2026-01-07,4000,1000,43221,USD,cdb404201976da67
t000246,2026-01-07,1000,1200,217354,USD,cdb404201976da67
t000247,2026-01-07,1200,3000,82654,USD,cdb404201976da67
t000248,2026-01-07,4000,2000,8977,USD,cdb404201976da67
t000249,2026-01-07,1200,3000,114865,USD,cdb404201976da67
t000250,2026-01-07,1200,3000,75368,USD,cdb404201976da67
t000251,2026-01-07,4000,2000,2018,USD,cdb404201976da67
t000252,2026-01-07,1000,4471,128286,USD,cdb404201976da67
t000253,2026-01-07,4471,3000,3821,USD,cdb404201976da67
t000254,2026-01-07,4000,2000,2933,USD,cdb404201976da67
t000255,2026-01-07,4000,1000,7744,USD,cdb404201976da67
t000256,2026-01-07,4471,3000,201207,USD,cdb404201976da67
t000257,2026-01-07,4000,2000,4463,USD,cdb404201976da67
t000258,2026-01-07,4471,3000,2971,USD,cdb404201976da67
t000259,2026-01-07,6000,1000,9026,USD,cdb404201976da67
t000260,2026-01-07,6000,1000,31632,USD,cdb404201976da67
t000261,2026-01-07,4000,1000,236036,USD,cdb404201976da67
t000262,2026-01-07,6000,1000,23649,USD,cdb404201976da67
t000263,2026-01-07,4471,3000,6038,USD,cdb404201976da67
t000264,2026-01-07,6000,1000,151029,USD,cdb404201976da67
t000265,2026-01-07,4471,3000,3241,USD,cdb404201976da67
t000266,2026-01-07,4000,1000,71591,USD,cdb404201976da67
t000267,2026-01-07,4000,2000,16798,USD,cdb404201976da67
t000268,2026-01-07,1000,1200,3347,USD,cdb404201976da67
t000269,2026-01-07,6000,1000,9899,USD,cdb404201976da67
t000270,2026-01-07,1000,3000,132134,USD,cdb404201976da67
t000271,2026-01-07,2000,1000,120083,USD,cdb404201976da67
t000272,2026-01-07,1000,3000,3979,USD,cdb404201976da67
t000273,2026-01-07,1000,4471,211526,USD,cdb404201976da67
t000274,2026-01-07,1000,1200,105177,USD,cdb404201976da67
t000275,2026-01-07,1200,3000,8332,USD,cdb404201976da67
t000276,2026-01-07,1200,3000,43266,USD,cdb404201976da67
t000277,2026-01-07,2000,1000,113896,USD,cdb404201976da67
t000278,2026-01-07,1000,3000,149415,USD,cdb404201976da67
t000279,2026-01-07,4000,1000,117757,USD,cdb404201976da67
t000280,2026-01-08,4000,1000,42147,USD,cdb404201976da67
t000281,2026-01-08,2000,1000,4738,USD,cdb404201976da67
t000282,2026-01-08,4471,3000,113802,USD,cdb404201976da67
t000283,2026-01-08,4471,3000,70095,USD,cdb404201976da67
t000284,2026-01-08,2000,1000,108863,USD,cdb404201976da67
t000285,2026-01-08,6000,1000,7973,USD,cdb404201976da67
t000286,2026-01-08,4471,3000,3395,USD,cdb404201976da67
t000287,2026-01-08,2000,1000,162153,USD,cdb404201976da67
t000288,2026-01-08,2000,1000,60061,USD,cdb404201976da67
t000289,2026-01-08,1000,3000,89873,USD,cdb404201976da67
t000290,2026-01-08,4000,2000,56499,USD,cdb404201976da67
t000291,2026-01-08,1000,3000,169054,USD,cdb404201976da67
t000292,2026-01-08,1000,3000,137299,USD,cdb404201976da67
t000293,2026-01-08,1200,3000,235167,USD,cdb404201976da67
t000294,2026-01-08,6000,1000,1269,USD,cdb404201976da67
t000295,2026-01-08,6000,1000,108984,USD,cdb404201976da67
t000296,2026-01-08,4471,3000,3126,USD,cdb404201976da67
t000297,2026-01-08,1000,1200,43944,USD,cdb404201976da67
t000298,2026-01-08,2000,1000,7487,USD,cdb404201976da67
t000299,2026-01-08,1200,3000,90365,USD,cdb404201976da67
t000300,2026-01-08,1000,1200,245801,USD,cdb404201976da67
t000301,2026-01-08,1000,4471,129117,USD,cdb404201976da67
t000302,2026-01-08,1000,1200,188755,USD,cdb404201976da67
t000303,2026-01-08,1000,1200,589,USD,cdb404201976da67
t000304,2026-01-08,1200,3000,19965,USD,cdb404201976da67
t000305,2026-01-08,1200,3000,106353,USD,cdb404201976da67
t000306,2026-01-08,1000,3000,194070,USD,cdb404201976da67
t000307,2026-01-08,1000,1200,2836,USD,cdb404201976da67
t000308,2026-01-08,2000,1000,156573,USD,cdb404201976da67
t000309,2026-01-08,4000,2000,155767,USD,cdb404201976da67
t000310,2026-01-08,2000,1000,60716,USD,cdb404201976da67
t000311,2026-01-08,4000,2000,6666,USD,cdb404201976da67
t000312,2026-01-08,1000,4471,204027,USD,cdb404201976da67
t000313,2026-01-08,1000,1200,223035,USD,cdb404201976da67
t000314,2026-01-08,1000,3000,189798,USD,cdb404201976da67
t000315,2026-01-08,4471,3000,8822,USD,cdb404201976da67
t000316,2026-01-08,1200,3000,9768,USD,cdb404201976da67
t000317,2026-01-08,1200,3000,232602,USD,cdb404201976da67
t000318,2026-01-08,1000,1200,140573,USD,cdb404201976da67
t000319,2026-01-08,1000,1200,208012,USD,cdb404201976da67
t000320,2026-01-09,1000,1200,107187,USD,cdb404201976da67
t000321,2026-01-09,6000,1000,7482,USD,cdb404201976da67
t000322,2026-01-09,1000,3000,4348,USD,cdb404201976da67
t000323,2026-01-09,1000,3000,6654,USD,cdb404201976da67
t000324,2026-01-09,4000,1000,6174,USD,cdb404201976da67
t000325,2026-01-09,1200,3000,9019,USD,cdb404201976da67
t000326,2026-01-09,2000,1000,110642,USD,cdb404201976da67
t000327,2026-01-09,1000,3000,6177,USD,cdb404201976da67
t000328,2026-01-09,6000,1000,550,USD,cdb404201976da67
t000329,2026-01-09,1000,1200,6287,USD,cdb404201976da67
t000330,2026-01-09,4000,2000,94452,USD,cdb404201976da67
t000331,2026-01-09,1000,3000,73374,USD,cdb404201976da67
t000332,2026-01-09,1000,1200,21962,USD,cdb404201976da67
t000333,2026-01-09,1200,3000,4164,USD,cdb404201976da67
t000334,2026-01-09,4000,2000,2688,USD,cdb404201976da67
t000335,2026-01-09,4000,2000,119628,USD,cdb404201976da67
t000336,2026-01-09,1000,3000,110970,USD,cdb404201976da67
t000337,2026-01-09,4000,1000,200221,USD,cdb404201976da67
t000338,2026-01-09,4000,2000,8596,USD,cdb404201976da67
t000339,2026-01-09,6000,1000,133161,USD,cdb404201976da67
t000340,2026-01-09,2000,1000,203227,USD,cdb404201976da67
t000341,2026-01-09,6000,1000,2237,USD,cdb404201976da67
t000342,2026-01-09,2000,1000,9081,USD,cdb404201976da67
t000343,2026-01-09,4000,2000,161590,USD,cdb404201976da67
t000344,2026-01-09,1000,1200,35794,USD,cdb404201976da67
t000345,2026-01-09,4000,2000,86563,USD,cdb404201976da67
t000346,2026-01-09,4000,2000,122304,USD,cdb404201976da67
t000347,2026-01-09,4471,3000,31654,USD,cdb404201976da67
t000348,2026-01-09,1200,3000,126972,USD,cdb404201976da67
t000349,2026-01-09,1000,4471,2311,USD,cdb404201976da67
t000350,2026-01-09,1000,3000,94227,USD,cdb404201976da67
t000351,2026-01-09,2000,1000,150430,USD,cdb404201976da67
t000352,2026-01-09,2000,1000,3595,USD,cdb404201976da67
t000353,2026-01-09,1000,4471,4812,USD,cdb404201976da67
t000354,2026-01-09,1000,4471,61652,USD,cdb404201976da67
t000355,2026-01-09,4471,3000,7026,USD,cdb404201976da67
t000356,2026-01-09,4471,3000,663,USD,cdb404201976da67
t000357,2026-01-09,1000,3000,10731,USD,cdb404201976da67
t000358,2026-01-09,1000,3000,157011,USD,cdb404201976da67
t000359,2026-01-09,4000,1000,21361,USD,cdb404201976da67
t000360,2026-01-10,1000,3000,165130,USD,cdb404201976da67
t000361,2026-01-10,4000,2000,8819,USD,cdb404201976da67
t000362,2026-01-10,4000,1000,7307,USD,cdb404201976da67
t000363,2026-01-10,1000,1200,140497,USD,cdb404201976da67
t000364,2026-01-10,6000,1000,86422,USD,cdb404201976da67
t000365,2026-01-10,6000,1000,142579,USD,cdb404201976da67
t000366,2026-01-10,4000,2000,118888,USD,cdb404201976da67
t000367,2026-01-10,4000,1000,233664,USD,cdb404201976da67
t000368,2026-01-10,6000,1000,137213,USD,cdb404201976da67
t000369,2026-01-10,4000,1000,112840,USD,cdb404201976da67
t000370,2026-01-10,6000,1000,220180,USD,cdb404201976da67
t000371,2026-01-10,2000,1000,65543,USD,cdb404201976da67
t000372,2026-01-10,1000,4471,3105,USD,cdb404201976da67
t000373,2026-01-10,1000,3000,215903,USD,cdb404201976da67
t000374,2026-01-10,4000,1000,6538,USD,cdb404201976da67
t000375,2026-01-10,6000,1000,35041,USD,cdb404201976da67
t000376,2026-01-10,4000,2000,370,USD,cdb404201976da67
t000377,2026-01-10,1000,3000,142546,USD,cdb404201976da67
t000378,2026-01-10,2000,1000,8572,USD,cdb404201976da67
t000379,2026-01-10,1000,4471,2761,USD,cdb404201976da67
t000380,2026-01-10,1200,3000,4246,USD,cdb404201976da67
t000381,2026-01-10,2000,1000,36100,USD,cdb404201976da67
t000382,2026-01-10,4000,2000,3657,USD,cdb404201976da67
t000383,2026-01-10,1000,3000,110137,USD,cdb404201976da67
t000384,2026-01-10,1200,3000,244805,USD,cdb404201976da67
t000385,2026-01-10,2000,1000,3144,USD,cdb404201976da67
t000386,2026-01-10,1200,3000,7421,USD,cdb404201976da67
t000387,2026-01-10,6000,1000,114651,USD,cdb404201976da67
t000388,2026-01-10,6000,1000,102613,USD,cdb404201976da67
t000389,2026-01-10,2000,1000,238282,USD,cdb404201976da67
t000390,2026-01-10,2000,1000,247353,USD,cdb404201976da67
t000391,2026-01-10,6000,1000,7727,USD,cdb404201976da67
t000392,2026-01-10,4000,1000,65618,USD,cdb404201976da67
t000393,2026-01-10,1200,3000,182038,USD,cdb404201976da67
t000394,2026-01-10,1200,3000,157932,USD,cdb404201976da67
t000395,2026-01-10,6000,1000,54470,USD,cdb404201976da67
t000396,2026-01-10,4000,1000,545,USD,cdb404201976da67
t000397,2026-01-10,1000,3000,7445,USD,cdb404201976da67
t000398,2026-01-10,4000,1000,48013,USD,cdb404201976da67
t000399,2026-01-10,1000,1200,53713,USD,cdb404201976da67
t000400,2026-01-11,4000,1000,3569,USD,cdb404201976da67
t000401,2026-01-11,2000,1000,40843,USD,cdb404201976da67
t000402,2026-01-11,4000,2000,681,USD,cdb404201976da67
t000403,2026-01-11,1200,3000,2450,USD,cdb404201976da67
t000404,2026-01-11,4000,2000,3932,USD,cdb404201976da67
t000405,2026-01-11,4000,1000,105797,USD,cdb404201976da67
t000406,2026-01-11,1000,3000,219672,USD,cdb404201976da67
t000407,2026-01-11,1000,4471,111705,USD,cdb404201976da67
t000408,2026-01-11,4000,2000,138301,USD,cdb404201976da67
t000409,2026-01-11,4000,2000,967,USD,cdb404201976da67
t000410,2026-01-11,4000,2000,244198,USD,cdb404201976da67
t000411,2026-01-11,2000,1000,210454,USD,cdb404201976da67
t000412,2026-01-11,4471,3000,240452,USD,cdb404201976da67
t000413,2026-01-11,1200,3000,4589,USD,cdb404201976da67
t000414,2026-01-11,4000,2000,222401,USD,cdb404201976da67
t000415,2026-01-11,4000,2000,182172,USD,cdb404201976da67
t000416,2026-01-11,4000,2000,46246,USD,cdb404201976da67
t000417,2026-01-11,1000,3000,10517,USD,cdb404201976da67
t000418,2026-01-11,1200,3000,19104,USD,cdb404201976da67
t000419,2026-01-11,1000,1200,6082,USD,cdb404201976da67
t000420,2026-01-11,1000,3000,151313,USD,cdb404201976da67
t000421,2026-01-11,2000,1000,71262,USD,cdb404201976da67
t000422,2026-01-11,4000,1000,4416,USD,cdb404201976da67
t000423,2026-01-11,1000,3000,110615,USD,cdb404201976da67
t000424,2026-01-11,1000,3000,172819,USD,cdb404201976da67
t000425,2026-01-11,1000,3000,2920,USD,cdb404201976da67
t000426,2026-01-11,1000,1200,141155,USD,cdb404201976da67
t000427,2026-01-11,2000,1000,4593,USD,cdb404201976da67
t000428,2026-01-11,4471,3000,52900,USD,cdb404201976da67
t000429,2026-01-11,1000,3000,3513,USD,cdb404201976da67
t000430,2026-01-11,1200,3000,234855,USD,cdb404201976da67
t000431,2026-01-11,4000,2000,7431,USD,cdb404201976da67
t000432,2026-01-11,6000,1000,129999,USD,cdb404201976da67
t000433,2026-01-11,4000,1000,185300,USD,cdb404201976da67
t000434,2026-01-11,6000,1000,2990,USD,cdb404201976da67
t000435,2026-01-11,4000,1000,3841,USD,cdb404201976da67
t000436,2026-01-11,2000,1000,7679,USD,cdb404201976da67
t000437,2026-01-11,2000,1000,53534,USD,cdb404201976da67
t000438,2026-01-11,2000,1000,30361,USD,cdb404201976da67
t000439,2026-01-11,1200,3000,232223,USD,cdb404201976da67
t000440,2026-01-12,1000,4471,53848,USD,cdb404201976da67
t000441,2026-01-12,1000,3000,1903,USD,cdb404201976da67
t000442,2026-01-12,1200,3000,5282,USD,cdb404201976da67
t000443,2026-01-12,4471,3000,87288,USD,cdb404201976da67
t000444,2026-01-12,2000,1000,42708,USD,cdb404201976da67
t000445,2026-01-12,4000,1000,248894,USD,cdb404201976da67
t000446,2026-01-12,1000,1200,3897,USD,cdb404201976da67
t000447,2026-01-12,2000,1000,56650,USD,cdb404201976da67
t000448,2026-01-12,1200,3000,167660,USD,cdb404201976da67
t000449,2026-01-12,2000,1000,587,USD,cdb404201976da67
t000450,2026-01-12,4000,1000,1695,USD,cdb404201976da67
t000451,2026-01-12,1000,1200,4949,USD,cdb404201976da67
t000452,2026-01-12,4000,1000,208784,USD,cdb404201976da67
t000453,2026-01-12,1200,3000,128477,USD,cdb404201976da67
t000454,2026-01-12,1000,1200,7711,USD,cdb404201976da67
t000455,2026-01-12,4000,2000,232605,USD,cdb404201976da67
t000456,2026-01-12,4471,3000,126142,USD,cdb404201976da67
t000457,2026-01-12,4000,2000,245052,USD,cdb404201976da67
t000458,2026-01-12,4471,3000,44552,USD,cdb404201976da67
t000459,2026-01-12,4000,1000,5761,USD,cdb404201976da67
t000460,2026-01-12,1200,3000,234988,USD,cdb404201976da67
t000461,2026-01-12,4000,1000,91265,USD,cdb404201976da67
t000462,2026-01-12,1200,3000,5830,USD,cdb404201976da67
t000463,2026-01-12,1000,4471,134672,USD,cdb404201976da67
t000464,2026-01-12,1200,3000,100959,USD,cdb404201976da67
t000465,2026-01-12,6000,1000,214605,USD,cdb404201976da67
t000466,2026-01-12,1000,1200,199,USD,cdb404201976da67
t000467,2026-01-12,6000,1000,2352,USD,cdb404201976da67
t000468,2026-01-12,4000,2000,167055,USD,cdb404201976da67
t000469,2026-01-12,1200,3000,137227,USD,cdb404201976da67
t000470,2026-01-12,1000,1200,119977,USD,cdb404201976da67
t000471,2026-01-12,4000,2000,3780,USD,cdb404201976da67
t000472,2026-01-12,4471,3000,227660,USD,cdb404201976da67
t000473,2026-01-12,2000,1000,7808,USD,cdb404201976da67
t000474,2026-01-12,2000,1000,219997,USD,cdb404201976da67
t000475,2026-01-12,1000,3000,168640,USD,cdb404201976da67
t000476,2026-01-12,2000,1000,237565,USD,cdb404201976da67
t000477,2026-01-12,4000,1000,139939,USD,cdb404201976da67
t000478,2026-01-12,6000,1000,127521,USD,cdb404201976da67
t000479,2026-01-12,1000,1200,50892,USD,cdb404201976da67
t000480,2026-01-13,4000,1000,223158,USD,cdb404201976da67
t000481,2026-01-13,4000,2000,161570,USD,cdb404201976da67
t000482,2026-01-13,1000,3000,248693,USD,cdb404201976da67
t000483,2026-01-13,4000,2000,6812,USD,cdb404201976da67
t000484,2026-01-13,4000,2000,168194,USD,cdb404201976da67
t000485,2026-01-13,4000,1000,9261,USD,cdb404201976da67
t000486,2026-01-13,1000,4471,30696,USD,cdb404201976da67
t000487,2026-01-13,4471,3000,150902,USD,cdb404201976da67
t000488,2026-01-13,6000,1000,76796,USD,cdb404201976da67
t000489,2026-01-13,6000,1000,135173,USD,cdb404201976da67
t000490,2026-01-13,4000,1000,127134,USD,cdb404201976da67
t000491,2026-01-13,4000,1000,6395,USD,cdb404201976da67
t000492,2026-01-13,2000,1000,33817,USD,cdb404201976da67
t000493,2026-01-13,2000,1000,65564,USD,cdb404201976da67
t000494,2026-01-13,1000,1200,80931,USD,cdb404201976da67
t000495,2026-01-13,4000,2000,148690,USD,cdb404201976da67
t000496,2026-01-13,4471,3000,2380,USD,cdb404201976da67
t000497,2026-01-13,4471,3000,4633,USD,cdb404201976da67
t000498,2026-01-13,2000,1000,224022,USD,cdb404201976da67
t000499,2026-01-13,1200,3000,31677,USD,cdb404201976da67
t000500,2026-01-13,4000,1000,190769,USD,cdb404201976da67
t000501,2026-01-13,4000,1000,196216,USD,cdb404201976da67
t000502,2026-01-13,6000,1000,133839,USD,cdb404201976da67
t000503,2026-01-13,2000,1000,776,USD,cdb404201976da67
t000504,2026-01-13,6000,1000,136630,USD,cdb404201976da67
t000505,2026-01-13,1200,3000,12648,USD,cdb404201976da67
t000506,2026-01-13,1000,4471,4568,USD,cdb404201976da67
t000507,2026-01-13,4000,1000,232933,USD,cdb404201976da67
t000508,2026-01-13,1000,1200,783,USD,cdb404201976da67
t000509,2026-01-13,4000,1000,243562,USD,cdb404201976da67
t000510,2026-01-13,4471,3000,196528,USD,cdb404201976da67
t000511,2026-01-13,6000,1000,6618,USD,cdb404201976da67
t000512,2026-01-13,1200,3000,122428,USD,cdb404201976da67
t000513,2026-01-13,1000,1200,133927,USD,cdb404201976da67
t000514,2026-01-13,1000,3000,223770,USD,cdb404201976da67
t000515,2026-01-13,4000,2000,15684,USD,cdb404201976da67
t000516,2026-01-13,4000,2000,216964,USD,cdb404201976da67
t000517,2026-01-13,4471,3000,137702,USD,cdb404201976da67
t000518,2026-01-13,1000,4471,53095,USD,cdb404201976da67
t000519,2026-01-13,1000,4471,135077,USD,cdb404201976da67
t000520,2026-01-14,1000,1200,4916,USD,cdb404201976da67
t000521,2026-01-14,1000,3000,4729,USD,cdb404201976da67
t000522,2026-01-14,2000,1000,213451,USD,cdb404201976da67
t000523,2026-01-14,1200,3000,107172,USD,cdb404201976da67
t000524,2026-01-14,1000,1200,57759,USD,cdb404201976da67
t000525,2026-01-14,6000,1000,74882,USD,cdb404201976da67
t000526,2026-01-14,4000,1000,30593,USD,cdb404201976da67
t000527,2026-01-14,1200,3000,194085,USD,cdb404201976da67
t000528,2026-01-14,1200,3000,4188,USD,cdb404201976da67
t000529,2026-01-14,4000,2000,1994,USD,cdb404201976da67
t000530,2026-01-14,1000,1200,149249,USD,cdb404201976da67
t000531,2026-01-14,2000,1000,5820,USD,cdb404201976da67
t000532,2026-01-14,1000,1200,58176,USD,cdb404201976da67
t000533,2026-01-14,4471,3000,23871,USD,cdb404201976da67
t000534,2026-01-14,4000,1000,181723,USD,cdb404201976da67
t000535,2026-01-14,4000,2000,1243,USD,cdb404201976da67
t000536,2026-01-14,1000,4471,9143,USD,cdb404201976da67
t000537,2026-01-14,6000,1000,1318,USD,cdb404201976da67
t000538,2026-01-14,4471,3000,244268,USD,cdb404201976da67
t000539,2026-01-14,1000,1200,101089,USD,cdb404201976da67
t000540,2026-01-14,6000,1000,238420,USD,cdb404201976da67
t000541,2026-01-14,2000,1000,155284,USD,cdb404201976da67
t000542,2026-01-14,1000,1200,206404,USD,cdb404201976da67
t000543,2026-01-14,1000,3000,1890,USD,cdb404201976da67
t000544,2026-01-14,6000,1000,218132,USD,cdb404201976da67
t000545,2026-01-14,6000,1000,15212,USD,cdb404201976da67
t000546,2026-01-14,1000,3000,7000,USD,cdb404201976da67
t000547,2026-01-14,1000,3000,7574,USD,cdb404201976da67
t000548,2026-01-14,2000,1000,72836,USD,cdb404201976da67
t000549,2026-01-14,1000,1200,209316,USD,cdb404201976da67
t000550,2026-01-14,1000,3000,632,USD,cdb404201976da67
t000551,2026-01-14,4000,2000,1659,USD,cdb404201976da67
t000552,2026-01-14,1000,4471,112528,USD,cdb404201976da67
t000553,2026-01-14,1000,3000,96772,USD,cdb404201976da67
t000554,2026-01-14,6000,1000,109684,USD,cdb404201976da67
t000555,2026-01-14,4000,1000,49534,USD,cdb404201976da67
t000556,2026-01-14,1000,3000,103814,USD,cdb404201976da67
t000557,2026-01-14,6000,1000,131404,USD,cdb404201976da67
t000558,2026-01-14,4000,2000,1834,USD,cdb404201976da67
t000559,2026-01-14,2000,1000,1807,USD,cdb404201976da67
t000560,2026-01-15,4000,2000,93004,USD,cdb404201976da67
t000561,2026-01-15,2000,1000,150304,USD,cdb404201976da67
t000562,2026-01-15,6000,1000,2110,USD,cdb404201976da67
t000563,2026-01-15,6000,1000,127143,USD,cdb404201976da67
t000564,2026-01-15,1000,4471,89836,USD,cdb404201976da67
t000565,2026-01-15,1200,3000,216048,USD,cdb404201976da67
t000566,2026-01-15,4000,2000,33073,USD,cdb404201976da67
t000567,2026-01-15,4000,1000,30074,USD,cdb404201976da67
t000568,2026-01-15,4000,2000,4969,USD,cdb404201976da67
t000569,2026-01-15,4471,3000,47678,USD,cdb404201976da67
t000570,2026-01-15,4000,2000,3795,USD,cdb404201976da67
t000571,2026-01-15,1000,1200,741,USD,cdb404201976da67
t000572,2026-01-15,4000,1000,8124,USD,cdb404201976da67
t000573,2026-01-15,4000,1000,82817,USD,cdb404201976da67
t000574,2026-01-15,1000,4471,174886,USD,cdb404201976da67
t000575,2026-01-15,4000,1000,6457,USD,cdb404201976da67
t000576,2026-01-15,1000,1200,6688,USD,cdb404201976da67
t000577,2026-01-15,1000,4471,211742,USD,cdb404201976da67
t000578,2026-01-15,4000,2000,8955,USD,cdb404201976da67
t000579,2026-01-15,6000,1000,189109,USD,cdb404201976da67
t000580,2026-01-15,1200,3000,4156,USD,cdb404201976da67
t000581,2026-01-15,1000,3000,32538,USD,cdb404201976da67
t000582,2026-01-15,1000,3000,30607,USD,cdb404201976da67
t000583,2026-01-15,4471,3000,189556,USD,cdb404201976da67
t000584,2026-01-15,1000,3000,165482,USD,cdb404201976da67
t000585,2026-01-15,1000,4471,102855,USD,cdb404201976da67
t000586,2026-01-15,1200,3000,223096,USD,cdb404201976da67
t000587,2026-01-15,6000,1000,246159,USD,cdb404201976da67
t000588,2026-01-15,6000,1000,3657,USD,cdb404201976da67
t000589,2026-01-15,4000,1000,147370,USD,cdb404201976da67
t000590,2026-01-15,2000,1000,1995,USD,cdb404201976da67
t000591,2026-01-15,1200,3000,42567,USD,cdb404201976da67
t000592,2026-01-15,1000,3000,142743,USD,cdb404201976da67
t000593,2026-01-15,6000,1000,94729,USD,cdb404201976da67
t000594,2026-01-15,2000,1000,59663,USD,cdb404201976da67
t000595,2026-01-15,4000,2000,23833,USD,cdb404201976da67
t000596,2026-01-15,4471,3000,385,USD,cdb404201976da67
t000597,2026-01-15,4000,1000,236031,USD,cdb404201976da67
t000598,2026-01-15,1000,1200,50023,USD,cdb404201976da67
t000599,2026-01-15,1000,3000,34305,USD,cdb404201976da67
t000600,2026-01-16,4000,1000,107580,USD,cdb404201976da67
t000601,2026-01-16,4000,1000,6047,USD,cdb404201976da67
t000602,2026-01-16,1200,3000,123443,USD,cdb404201976da67
t000603,2026-01-16,1000,1200,62045,USD,cdb404201976da67
t000604,2026-01-16,2000,1000,132708,USD,cdb404201976da67
t000605,2026-01-16,6000,1000,235627,USD,cdb404201976da67
t000606,2026-01-16,4471,3000,3786,USD,cdb404201976da67
t000607,2026-01-16,1000,3000,228169,USD,cdb404201976da67
t000608,2026-01-16,4000,1000,6529,USD,cdb404201976da67
t000609,2026-01-16,1200,3000,159368,USD,cdb404201976da67
t000610,2026-01-16,1000,1200,4885,USD,cdb404201976da67
t000611,2026-01-16,4000,1000,1490,USD,cdb404201976da67
t000612,2026-01-16,6000,1000,99880,USD,cdb404201976da67
t000613,2026-01-16,4471,3000,121481,USD,cdb404201976da67
t000614,2026-01-16,4000,1000,113990,USD,cdb404201976da67
t000615,2026-01-16,2000,1000,133609,USD,cdb404201976da67
t000616,2026-01-16,2000,1000,23905,USD,cdb404201976da67
t000617,2026-01-16,1000,3000,159621,USD,cdb404201976da67
t000618,2026-01-16,6000,1000,22715,USD,cdb404201976da67
t000619,2026-01-16,4000,2000,9876,USD,cdb404201976da67
t000620,2026-01-16,4471,3000,354,USD,cdb404201976da67
t000621,2026-01-16,2000,1000,235032,USD,cdb404201976da67
t000622,2026-01-16,6000,1000,184452,USD,cdb404201976da67
t000623,2026-01-16,1200,3000,236738,USD,cdb404201976da67
t000624,2026-01-16,6000,1000,2211,USD,cdb404201976da67
t000625,2026-01-16,1200,3000,173832,USD,cdb404201976da67
t000626,2026-01-16,1000,3000,205793,USD,cdb404201976da67
t000627,2026-01-16,6000,1000,66717,USD,cdb404201976da67
t000628,2026-01-16,1200,3000,220483,USD,cdb404201976da67
t000629,2026-01-16,6000,1000,49004,USD,cdb404201976da67
t000630,2026-01-16,2000,1000,4506,USD,cdb404201976da67
t000631,2026-01-16,1000,1200,439,USD,cdb404201976da67
t000632,2026-01-16,1000,3000,3540,USD,cdb404201976da67
t000633,2026-01-16,1000,4471,120357,USD,cdb404201976da67
t000634,2026-01-16,4471,3000,78395,USD,cdb404201976da67
t000635,2026-01-16,1000,4471,188547,USD,cdb404201976da67
t000636,2026-01-16,6000,1000,9710,USD,cdb404201976da67
t000637,2026-01-16,2000,1000,753,USD,cdb404201976da67
t000638,2026-01-16,4471,3000,233562,USD,cdb404201976da67
t000639,2026-01-16,1000,3000,4427,USD,cdb404201976da67
t000640,2026-01-17,6000,1000,80599,USD,cdb404201976da67
t000641,2026-01-17,4000,1000,6365,USD,cdb404201976da67
t000642,2026-01-17,4471,3000,240430,USD,cdb404201976da67
t000643,2026-01-17,1000,1200,246922,USD,cdb404201976da67
t000644,2026-01-17,4000,1000,9079,USD,cdb404201976da67
t000645,2026-01-17,4000,2000,8757,USD,cdb404201976da67
t000646,2026-01-17,1000,1200,81712,USD,cdb404201976da67
t000647,2026-01-17,1000,3000,16231,USD,cdb404201976da67
t000648,2026-01-17,6000,1000,4268,USD,cdb404201976da67
t000649,2026-01-17,2000,1000,218578,USD,cdb404201976da67
t000650,2026-01-17,1000,4471,142757,USD,cdb404201976da67
t000651,2026-01-17,1200,3000,6553,USD,cdb404201976da67
t000652,2026-01-17,4471,3000,75271,USD,cdb404201976da67
t000653,2026-01-17,4000,1000,152733,USD,cdb404201976da67
t000654,2026-01-17,6000,1000,82502,USD,cdb404201976da67
t000655,2026-01-17,6000,1000,8645,USD,cdb404201976da67
t000656,2026-01-17,1200,3000,153620,USD,cdb404201976da67
t000657,2026-01-17,1200,3000,156146,USD,cdb404201976da67
t000658,2026-01-17,4000,2000,205145,USD,cdb404201976da67
t000659,2026-01-17,6000,1000,35754,USD,cdb404201976da67
t000660,2026-01-17,1200,3000,112941,USD,cdb404201976da67
t000661,2026-01-17,1000,1200,72457,USD,cdb404201976da67
t000662,2026-01-17,2000,1000,122563,USD,cdb404201976da67
t000663,2026-01-17,4471,3000,208794,USD,cdb404201976da67
t000664,2026-01-17,1000,1200,2611,USD,cdb404201976da67
t000665,2026-01-17,1000,4471,89424,USD,cdb404201976da67
t000666,2026-01-17,1000,3000,123028,USD,cdb404201976da67
t000667,2026-01-17,4471,3000,157609,USD,cdb404201976da67
t000668,2026-01-17,4000,1000,238576,USD,cdb404201976da67
t000669,2026-01-17,4000,2000,123769,USD,cdb404201976da67
t000670,2026-01-17,4471,3000,909,USD,cdb404201976da67
t000671,2026-01-17,2000,1000,110480,USD,cdb404201976da67
t000672,2026-01-17,6000,1000,3028,USD,cdb404201976da67
t000673,2026-01-17,4000,2000,95242,USD,cdb404201976da67
t000674,2026-01-17,1000,3000,80938,USD,cdb404201976da67
t000675,2026-01-17,4000,2000,69121,USD,cdb404201976da67
t000676,2026-01-17,4000,1000,81716,USD,cdb404201976da67
t000677,2026-01-17,4000,2000,149008,USD,cdb404201976da67
t000678,2026-01-17,4000,1000,7558,USD,cdb404201976da67
t000679,2026-01-17,6000,1000,5879,USD,cdb404201976da67
t000680,2026-01-18,1000,1200,124755,USD,cdb404201976da67
t000681,2026-01-18,2000,1000,190878,USD,cdb404201976da67
t000682,2026-01-18,6000,1000,33405,USD,cdb404201976da67
t000683,2026-01-18,1000,3000,195101,USD,cdb404201976da67
t000684,2026-01-18,4000,1000,8928,USD,cdb404201976da67
t000685,2026-01-18,4000,1000,197493,USD,cdb404201976da67
t000686,2026-01-18,4000,1000,44354,USD,cdb404201976da67
t000687,2026-01-18,4000,2000,51549,USD,cdb404201976da67
t000688,2026-01-18,6000,1000,136478,USD,cdb404201976da67
t000689,2026-01-18,2000,1000,213795,USD,cdb404201976da67
t000690,2026-01-18,1200,3000,217430,USD,cdb404201976da67
t000691,2026-01-18,1000,4471,198585,USD,cdb404201976da67
t000692,2026-01-18,1000,3000,86071,USD,cdb404201976da67
t000693,2026-01-18,1000,1200,31316,USD,cdb404201976da67
t000694,2026-01-18,1000,1200,103853,USD,cdb404201976da67
t000695,2026-01-18,1000,4471,5016,USD,cdb404201976da67
t000696,2026-01-18,2000,1000,175062,USD,cdb404201976da67
t000697,2026-01-18,4000,2000,55345,USD,cdb404201976da67
t000698,2026-01-18,4471,3000,192743,USD,cdb404201976da67
t000699,2026-01-18,1000,4471,41594,USD,cdb404201976da67
t000700,2026-01-18,4000,1000,144938,USD,cdb404201976da67
t000701,2026-01-18,1000,1200,7814,USD,cdb404201976da67
t000702,2026-01-18,4000,2000,125080,USD,cdb404201976da67
t000703,2026-01-18,4000,1000,77780,USD,cdb404201976da67
t000704,2026-01-18,1000,1200,2693,USD,cdb404201976da67
t000705,2026-01-18,1000,1200,225413,USD,cdb404201976da67
t000706,2026-01-18,6000,1000,38273,USD,cdb404201976da67
t000707,2026-01-18,4000,1000,134489,USD,cdb404201976da67
t000708,2026-01-18,4000,2000,5827,USD,cdb404201976da67
t000709,2026-01-18,6000,1000,2925,USD,cdb404201976da67
t000710,2026-01-18,4000,1000,164698,USD,cdb404201976da67
t000711,2026-01-18,2000,1000,55311,USD,cdb404201976da67
t000712,2026-01-18,1000,4471,3168,USD,cdb404201976da67
t000713,2026-01-18,4000,2000,228525,USD,cdb404201976da67
t000714,2026-01-18,1000,1200,11799,USD,cdb404201976da67
t000715,2026-01-18,1000,1200,141006,USD,cdb404201976da67
t000716,2026-01-18,4000,2000,189782,USD,cdb404201976da67
t000717,2026-01-18,2000,1000,195184,USD,cdb404201976da67
t000718,2026-01-18,2000,1000,127,USD,cdb404201976da67
t000719,2026-01-18,6000,1000,86575,USD,cdb404201976da67
t000720,2026-01-19,1000,4471,919,USD,cdb404201976da67
t000721,2026-01-19,6000,1000,8913,USD,cdb404201976da67
t000722,2026-01-19,1000,3000,1781,USD,cdb404201976da67
t000723,2026-01-19,4000,1000,90385,USD,cdb404201976da67
t000724,2026-01-19,6000,1000,141033,USD,cdb404201976da67
t000725,2026-01-19,6000,1000,33339,USD,cdb404201976da67
t000726,2026-01-19,2000,1000,128879,USD,cdb404201976da67
t000727,2026-01-19,6000,1000,1210,USD,cdb404201976da67
t000728,2026-01-19,1200,3000,3455,USD,cdb404201976da67
t000729,2026-01-19,6000,1000,3617,USD,cdb404201976da67
t000730,2026-01-19,4000,2000,33541,USD,cdb404201976da67
t000731,2026-01-19,1000,3000,6805,USD,cdb404201976da67
t000732,2026-01-19,1000,3000,67935,USD,cdb404201976da67
t000733,2026-01-19,2000,1000,131249,USD,cdb404201976da67
t000734,2026-01-19,1000,4471,4214,USD,cdb404201976da67
t000735,2026-01-19,1200,3000,175349,USD,cdb404201976da67
t000736,2026-01-19,6000,1000,162660,USD,cdb404201976da67
t000737,2026-01-19,1000,1200,17024,USD,cdb404201976da67
t000738,2026-01-19,6000,1000,223956,USD,cdb404201976da67
t000739,2026-01-19,1200,3000,2103,USD,cdb404201976da67
t000740,2026-01-19,4471,3000,219720,USD,cdb404201976da67
t000741,2026-01-19,2000,1000,73144,USD,cdb404201976da67
t000742,2026-01-19,4000,2000,21862,USD,cdb404201976da67
t000743,2026-01-19,1000,1200,78248,USD,cdb404201976da67
t000744,2026-01-19,4000,2000,245056,USD,cdb404201976da67
t000745,2026-01-19,4000,1000,41672,USD,cdb404201976da67
t000746,2026-01-19,6000,1000,5928,USD,cdb404201976da67
t000747,2026-01-19,1000,3000,166495,USD,cdb404201976da67
t000748,2026-01-19,6000,1000,12649,USD,cdb404201976da67
t000749,2026-01-19,4000,2000,2454,USD,cdb404201976da67
t000750,2026-01-19,1000,4471,40753,USD,cdb404201976da67
t000751,2026-01-19,4000,1000,50625,USD,cdb404201976da67
t000752,2026-01-19,1000,1200,172144,USD,cdb404201976da67
t000753,2026-01-19,4471,3000,7532,USD,cdb404201976da67
t000754,2026-01-19,6000,1000,229662,USD,cdb404201976da67
t000755,2026-01-19,2000,1000,14340,USD,cdb404201976da67
t000756,2026-01-19,4000,2000,183790,USD,cdb404201976da67
t000757,2026-01-19,6000,1000,3171,USD,cdb404201976da67
t000758,2026-01-19,4000,1000,7342,USD,cdb404201976da67
t000759,2026-01-19,4000,2000,184000,USD,cdb404201976da67
t000760,2026-01-20,6000,1000,1300,USD,cdb404201976da67
t000761,2026-01-20,6000,1000,102775,USD,cdb404201976da67
t000762,2026-01-20,1000,1200,55587,USD,cdb404201976da67
t000763,2026-01-20,1200,3000,7178,USD,cdb404201976da67
t000764,2026-01-20,4471,3000,158639,USD,cdb404201976da67
t000765,2026-01-20,4000,1000,8530,USD,cdb404201976da67
t000766,2026-01-20,1000,3000,74434,USD,cdb404201976da67
t000767,2026-01-20,2000,1000,142,USD,cdb404201976da67
t000768,2026-01-20,6000,1000,57688,USD,cdb404201976da67
t000769,2026-01-20,4471,3000,207612,USD,cdb404201976da67
t000770,2026-01-20,2000,1000,3829,USD,cdb404201976da67
t000771,2026-01-20,4000,2000,73139,USD,cdb404201976da67
t000772,2026-01-20,2000,1000,7914,USD,cdb404201976da67
t000773,2026-01-20,4000,2000,146398,USD,cdb404201976da67
t000774,2026-01-20,4471,3000,6870,USD,cdb404201976da67
t000775,2026-01-20,1200,3000,13830,USD,cdb404201976da67
t000776,2026-01-20,6000,1000,219379,USD,cdb404201976da67
t000777,2026-01-20,4000,1000,7482,USD,cdb404201976da67
t000778,2026-01-20,2000,1000,22641,USD,cdb404201976da67
t000779,2026-01-20,4000,1000,221521,USD,cdb404201976da67
t000780,2026-01-20,6000,1000,171369,USD,cdb404201976da67
t000781,2026-01-20,2000,1000,145453,USD,cdb404201976da67
t000782,2026-01-20,6000,1000,182668,USD,cdb404201976da67
t000783,2026-01-20,1000,1200,18081,USD,cdb404201976da67
t000784,2026-01-20,4000,1000,31336,USD,cdb404201976da67
t000785,2026-01-20,1000,4471,9811,USD,cdb404201976da67
t000786,2026-01-20,1000,4471,9749,USD,cdb404201976da67
t000787,2026-01-20,1000,3000,57604,USD,cdb404201976da67
t000788,2026-01-20,1000,3000,246305,USD,cdb404201976da67
t000789,2026-01-20,4000,1000,6898,USD,cdb404201976da67
t000790,2026-01-20,4000,1000,95500,USD,cdb404201976da67
t000791,2026-01-20,6000,1000,4845,USD,cdb404201976da67
t000792,2026-01-20,4000,1000,167918,USD,cdb404201976da67
t000793,2026-01-20,6000,1000,165650,USD,cdb404201976da67
t000794,2026-01-20,6000,1000,199011,USD,cdb404201976da67
t000795,2026-01-20,4471,3000,226322,USD,cdb404201976da67
t000796,2026-01-20,6000,1000,736,USD,cdb404201976da67
t000797,2026-01-20,1000,1200,3755,USD,cdb404201976da67
t000798,2026-01-20,4471,3000,9151,USD,cdb404201976da67
t000799,2026-01-20,1000,4471,222690,USD,cdb404201976da67
t000800,2026-01-21,1200,3000,14085,USD,cdb404201976da67
t000801,2026-01-21,1200,3000,96313,USD,cdb404201976da67
t000802,2026-01-21,1000,3000,56067,USD,cdb404201976da67
t000803,2026-01-21,1000,3000,9318,USD,cdb404201976da67
t000804,2026-01-21,4000,1000,9066,USD,cdb404201976da67
t000805,2026-01-21,4000,2000,148367,USD,cdb404201976da67
t000806,2026-01-21,2000,1000,18353,USD,cdb404201976da67
t000807,2026-01-21,2000,1000,156727,USD,cdb404201976da67
t000808,2026-01-21,2000,1000,8894,USD,cdb404201976da67
t000809,2026-01-21,1000,4471,117926,USD,cdb404201976da67
t000810,2026-01-21,4000,1000,124107,USD,cdb404201976da67
t000811,2026-01-21,1200,3000,3346,USD,cdb404201976da67
t000812,2026-01-21,4000,1000,6345,USD,cdb404201976da67
t000813,2026-01-21,1000,3000,248222,USD,cdb404201976da67
t000814,2026-01-21,4471,3000,79917,USD,cdb404201976da67
t000815,2026-01-21,2000,1000,149053,USD,cdb404201976da67
t000816,2026-01-21,4000,2000,19365,USD,cdb404201976da67
t000817,2026-01-21,1000,4471,22229,USD,cdb404201976da67
t000818,2026-01-21,1000,3000,5599,USD,cdb404201976da67
t000819,2026-01-21,6000,1000,198981,USD,cdb404201976da67
t000820,2026-01-21,1200,3000,48737,USD,cdb404201976da67
t000821,2026-01-21,6000,1000,5511,USD,cdb404201976da67
t000822,2026-01-21,4000,2000,49069,USD,cdb404201976da67
t000823,2026-01-21,4471,3000,126660,USD,cdb404201976da67
t000824,2026-01-21,1200,3000,72141,USD,cdb404201976da67
t000825,2026-01-21,1000,1200,5902,USD,cdb404201976da67
t000826,2026-01-21,1000,1200,1692,USD,cdb404201976da67
t000827,2026-01-21,1000,4471,241246,USD,cdb404201976da67
t000828,2026-01-21,4471,3000,97117,USD,cdb404201976da67
t000829,2026-01-21,4000,1000,162202,USD,cdb404201976da67
t000830,2026-01-21,4000,2000,9105,USD,cdb404201976da67
t000831,2026-01-21,1000,1200,169630,USD,cdb404201976da67
t000832,2026-01-21,6000,1000,49011,USD,cdb404201976da67
t000833,2026-01-21,2000,1000,155516,USD,cdb404201976da67
t000834,2026-01-21,1000,1200,193,USD,cdb404201976da67
t000835,2026-01-21,4000,2000,106301,USD,cdb404201976da67
t000836,2026-01-21,1200,3000,57210,USD,cdb404201976da67
t000837,2026-01-21,2000,1000,8835,USD,cdb404201976da67
t000838,2026-01-21,4471,3000,7379,USD,cdb404201976da67
t000839,2026-01-21,4000,2000,171855,USD,cdb404201976da67
t000840,2026-01-22,1000,1200,6037,USD,cdb404201976da67
t000841,2026-01-22,2000,1000,13781,USD,cdb404201976da67
t000842,2026-01-22,2000,1000,227036,USD,cdb404201976da67
t000843,2026-01-22,1000,1200,146984,USD,cdb404201976da67
t000844,2026-01-22,1000,1200,628,USD,cdb404201976da67
t000845,2026-01-22,4000,2000,108661,USD,cdb404201976da67
t000846,2026-01-22,4000,2000,17010,USD,cdb404201976da67
t000847,2026-01-22,4000,2000,70998,USD,cdb404201976da67
t000848,2026-01-22,1000,3000,4802,USD,cdb404201976da67
t000849,2026-01-22,6000,1000,129998,USD,cdb404201976da67
t000850,2026-01-22,1200,3000,158503,USD,cdb404201976da67
t000851,2026-01-22,4471,3000,181,USD,cdb404201976da67
t000852,2026-01-22,6000,1000,155535,USD,cdb404201976da67
t000853,2026-01-22,6000,1000,85563,USD,cdb404201976da67
t000854,2026-01-22,1000,4471,102971,USD,cdb404201976da67
t000855,2026-01-22,1200,3000,149621,USD,cdb404201976da67
t000856,2026-01-22,1000,1200,146217,USD,cdb404201976da67
t000857,2026-01-22,1000,3000,4134,USD,cdb404201976da67
t000858,2026-01-22,6000,1000,52902,USD,cdb404201976da67
t000859,2026-01-22,4000,2000,193530,USD,cdb404201976da67
t000860,2026-01-22,1000,3000,13337,USD,cdb404201976da67
t000861,2026-01-22,1000,1200,119107,USD,cdb404201976da67
t000862,2026-01-22,1000,1200,22124,USD,cdb404201976da67
t000863,2026-01-22,4000,1000,4426,USD,cdb404201976da67
t000864,2026-01-22,1000,1200,48954,USD,cdb404201976da67
t000865,2026-01-22,2000,1000,156458,USD,cdb404201976da67
t000866,2026-01-22,1000,1200,193921,USD,cdb404201976da67
t000867,2026-01-22,1000,3000,9221,USD,cdb404201976da67
t000868,2026-01-22,1000,3000,111851,USD,cdb404201976da67
t000869,2026-01-22,4471,3000,217952,USD,cdb404201976da67
t000870,2026-01-22,4000,1000,4683,USD,cdb404201976da67
t000871,2026-01-22,2000,1000,726,USD,cdb404201976da67
t000872,2026-01-22,1000,1200,18011,USD,cdb404201976da67
t000873,2026-01-22,4000,2000,190109,USD,cdb404201976da67
t000874,2026-01-22,1000,4471,162905,USD,cdb404201976da67
t000875,2026-01-22,6000,1000,9426,USD,cdb404201976da67
t000876,2026-01-22,1200,3000,110983,USD,cdb404201976da67
t000877,2026-01-22,4000,1000,205001,USD,cdb404201976da67
t000878,2026-01-22,1000,1200,162416,USD,cdb404201976da67
t000879,2026-01-22,6000,1000,64171,USD,cdb404201976da67
t000880,2026-01-23,4000,2000,111663,USD,cdb404201976da67
t000881,2026-01-23,2000,1000,172504,USD,cdb404201976da67
t000882,2026-01-23,4000,1000,166932,USD,cdb404201976da67
t000883,2026-01-23,1000,3000,6087,USD,cdb404201976da67
t000884,2026-01-23,1000,3000,66029,USD,cdb404201976da67
t000885,2026-01-23,1000,1200,91922,USD,cdb404201976da67
t000886,2026-01-23,1200,3000,6766,USD,cdb404201976da67
t000887,2026-01-23,4000,2000,59164,USD,cdb404201976da67
t000888,2026-01-23,4000,1000,1190,USD,cdb404201976da67
t000889,2026-01-23,4000,1000,5509,USD,cdb404201976da67
t000890,2026-01-23,4000,1000,140152,USD,cdb404201976da67
t000891,2026-01-23,1000,3000,155519,USD,cdb404201976da67
t000892,2026-01-23,2000,1000,6411,USD,cdb404201976da67
t000893,2026-01-23,4471,3000,41444,USD,cdb404201976da67
t000894,2026-01-23,1200,3000,451,USD,cdb404201976da67
t000895,2026-01-23,4471,3000,22356,USD,cdb404201976da67
t000896,2026-01-23,1000,1200,1790,USD,cdb404201976da67
t000897,2026-01-23,2000,1000,8188,USD,cdb404201976da67
t000898,2026-01-23,1000,1200,72794,USD,cdb404201976da67
t000899,2026-01-23,4000,1000,78439,USD,cdb404201976da67
t000900,2026-01-23,1200,3000,6770,USD,cdb404201976da67
t000901,2026-01-23,1000,3000,227148,USD,cdb404201976da67
t000902,2026-01-23,1200,3000,21278,USD,cdb404201976da67
t000903,2026-01-23,1200,3000,50123,USD,cdb404201976da67
t000904,2026-01-23,1000,3000,92125,USD,cdb404201976da67
t000905,2026-01-23,1000,4471,117788,USD,cdb404201976da67
t000906,2026-01-23,4471,3000,23618,USD,cdb404201976da67
t000907,2026-01-23,1000,3000,198927,USD,cdb404201976da67
t000908,2026-01-23,1000,4471,7536,USD,cdb404201976da67
t000909,2026-01-23,4471,3000,69362,USD,cdb404201976da67
t000910,2026-01-23,1200,3000,1999,USD,cdb404201976da67
t000911,2026-01-23,1200,3000,122826,USD,cdb404201976da67
t000912,2026-01-23,2000,1000,92343,USD,cdb404201976da67
t000913,2026-01-23,1000,3000,2537,USD,cdb404201976da67
t000914,2026-01-23,1000,3000,2056,USD,cdb404201976da67
t000915,2026-01-23,4471,3000,9102,USD,cdb404201976da67
t000916,2026-01-23,4000,1000,196145,USD,cdb404201976da67
t000917,2026-01-23,1000,1200,224055,USD,cdb404201976da67
t000918,2026-01-23,4000,2000,38364,USD,cdb404201976da67
t000919,2026-01-23,6000,1000,38706,USD,cdb404201976da67
t000920,2026-01-24,4471,3000,11386,USD,cdb404201976da67
t000921,2026-01-24,2000,1000,216154,USD,cdb404201976da67
t000922,2026-01-24,1000,4471,205798,USD,cdb404201976da67
t000923,2026-01-24,4000,2000,11910,USD,cdb404201976da67
t000924,2026-01-24,4000,1000,2455,USD,cdb404201976da67
t000925,2026-01-24,6000,1000,202,USD,cdb404201976da67
t000926,2026-01-24,2000,1000,7073,USD,cdb404201976da67
t000927,2026-01-24,2000,1000,1222,USD,cdb404201976da67
t000928,2026-01-24,4471,3000,8847,USD,cdb404201976da67
t000929,2026-01-24,4000,1000,249616,USD,cdb404201976da67
t000930,2026-01-24,1200,3000,124381,USD,cdb404201976da67
t000931,2026-01-24,6000,1000,8099,USD,cdb404201976da67
t000932,2026-01-24,1000,1200,2565,USD,cdb404201976da67
t000933,2026-01-24,2000,1000,7136,USD,cdb404201976da67
t000934,2026-01-24,4000,1000,186007,USD,cdb404201976da67
t000935,2026-01-24,4000,2000,42284,USD,cdb404201976da67
t000936,2026-01-24,1200,3000,1862,USD,cdb404201976da67
t000937,2026-01-24,6000,1000,6708,USD,cdb404201976da67
t000938,2026-01-24,1200,3000,105818,USD,cdb404201976da67
t000939,2026-01-24,2000,1000,164307,USD,cdb404201976da67
t000940,2026-01-24,6000,1000,85805,USD,cdb404201976da67
t000941,2026-01-24,4000,1000,196541,USD,cdb404201976da67
t000942,2026-01-24,6000,1000,4849,USD,cdb404201976da67
t000943,2026-01-24,1000,4471,244121,USD,cdb404201976da67
t000944,2026-01-24,1000,1200,129379,USD,cdb404201976da67
t000945,2026-01-24,4000,2000,22083,USD,cdb404201976da67
t000946,2026-01-24,1200,3000,63416,USD,cdb404201976da67
t000947,2026-01-24,1000,4471,1799,USD,cdb404201976da67
t000948,2026-01-24,2000,1000,68559,USD,cdb404201976da67
t000949,2026-01-24,1000,3000,4198,USD,cdb404201976da67
t000950,2026-01-24,2000,1000,4208,USD,cdb404201976da67
t000951,2026-01-24,4000,2000,18915,USD,cdb404201976da67
t000952,2026-01-24,1000,1200,9822,USD,cdb404201976da67
t000953,2026-01-24,4000,1000,228409,USD,cdb404201976da67
t000954,2026-01-24,2000,1000,2202,USD,cdb404201976da67
t000955,2026-01-24,4000,1000,216673,USD,cdb404201976da67
t000956,2026-01-24,1000,1200,20655,USD,cdb404201976da67
t000957,2026-01-24,4471,3000,134509,USD,cdb404201976da67
t000958,2026-01-24,4000,1000,210954,USD,cdb404201976da67
t000959,2026-01-24,1000,3000,175647,USD,cdb404201976da67
t000960,2026-01-25,4000,2000,123484,USD,cdb404201976da67
t000961,2026-01-25,4000,2000,1659,USD,cdb404201976da67
t000962,2026-01-25,6000,1000,153160,USD,cdb404201976da67
t000963,2026-01-25,1000,3000,27878,USD,cdb404201976da67
t000964,2026-01-25,4000,2000,198668,USD,cdb404201976da67
t000965,2026-01-25,4000,2000,17843,USD,cdb404201976da67
t000966,2026-01-25,4000,1000,129905,USD,cdb404201976da67
t000967,2026-01-25,1000,4471,174,USD,cdb404201976da67
t000968,2026-01-25,4000,2000,190333,USD,cdb404201976da67
t000969,2026-01-25,2000,1000,248407,USD,cdb404201976da67
t000970,2026-01-25,4000,2000,27727,USD,cdb404201976da67
t000971,2026-01-25,4000,2000,236878,USD,cdb404201976da67
t000972,2026-01-25,4000,2000,105783,USD,cdb404201976da67
t000973,2026-01-25,1000,1200,64065,USD,cdb404201976da67
t000974,2026-01-25,1200,3000,6368,USD,cdb404201976da67
t000975,2026-01-25,1000,1200,9938,USD,cdb404201976da67
t000976,2026-01-25,1000,1200,4585,USD,cdb404201976da67
t000977,2026-01-25,4000,2000,39515,USD,cdb404201976da67
t000978,2026-01-25,1000,3000,17996,USD,cdb404201976da67
t000979,2026-01-25,1000,1200,2376,USD,cdb404201976da67
t000980,2026-01-25,6000,1000,217921,USD,cdb404201976da67
t000981,2026-01-25,1000,3000,1114,USD,cdb404201976da67
t000982,2026-01-25,4000,1000,197400,USD,cdb404201976da67
t000983,2026-01-25,1200,3000,15307,USD,cdb404201976da67
t000984,2026-01-25,1000,1200,91068,USD,cdb404201976da67
t000985,2026-01-25,2000,1000,30700,USD,cdb404201976da67
t000986,2026-01-25,1200,3000,2356,USD,cdb404201976da67
t000987,2026-01-25,4471,3000,120452,USD,cdb404201976da67
t000988,2026-01-25,1000,1200,203029,USD,cdb404201976da67
t000989,2026-01-25,6000,1000,217374,USD,cdb404201976da67
t000990,2026-01-25,1200,3000,229840,USD,cdb404201976da67
t000991,2026-01-25,1000,3000,163918,USD,cdb404201976da67
t000992,2026-01-25,1000,3000,91514,USD,cdb404201976da67
t000993,2026-01-25,1000,4471,9861,USD,cdb404201976da67
t000994,2026-01-25,1000,1200,619,USD,cdb404201976da67
t000995,2026-01-25,1000,3000,47734,USD,cdb404201976da67
t000996,2026-01-25,1000,4471,227093,USD,cdb404201976da67
t000997,2026-01-25,1000,3000,1684,USD,cdb404201976da67
t000998,2026-01-25,2000,1000,8978,USD,cdb404201976da67
t000999,2026-01-25,1000,3000,55701,USD,cdb404201976da67
t001000,2026-01-26,1000,1200,4467,USD,cdb404201976da67
t001001,2026-01-26,4471,3000,35858,USD,cdb404201976da67
t001002,2026-01-26,1200,3000,33634,USD,cdb404201976da67
t001003,2026-01-26,6000,1000,185172,USD,cdb404201976da67
t001004,2026-01-26,1200,3000,2186,USD,cdb404201976da67
t001005,2026-01-26,1200,3000,19200,USD,cdb404201976da67
t001006,2026-01-26,1200,3000,31432,USD,cdb404201976da67
t001007,2026-01-26,4000,1000,4873,USD,cdb404201976da67
t001008,2026-01-26,2000,1000,15769,USD,cdb404201976da67
t001009,2026-01-26,1000,1200,126184,USD,cdb404201976da67
t001010,2026-01-26,2000,1000,239722,USD,cdb404201976da67
t001011,2026-01-26,4000,1000,236618,USD,cdb404201976da67
t001012,2026-01-26,4000,1000,137280,USD,cdb404201976da67
t001013,2026-01-26,2000,1000,1985,USD,cdb404201976da67
t001014,2026-01-26,6000,1000,163601,USD,cdb404201976da67
t001015,2026-01-26,1200,3000,9212,USD,cdb404201976da67
t001016,2026-01-26,4000,1000,113814,USD,cdb404201976da67
t001017,2026-01-26,1000,3000,194702,USD,cdb404201976da67
t001018,2026-01-26,6000,1000,8645,USD,cdb404201976da67
t001019,2026-01-26,2000,1000,8322,USD,cdb404201976da67
t001020,2026-01-26,1000,3000,175925,USD,cdb404201976da67
t001021,2026-01-26,1000,3000,172586,USD,cdb404201976da67
t001022,2026-01-26,2000,1000,41027,USD,cdb404201976da67
t001023,2026-01-26,1000,4471,246174,USD,cdb404201976da67
t001024,2026-01-26,2000,1000,63318,USD,cdb404201976da67
t001025,2026-01-26,4000,1000,170671,USD,cdb404201976da67
t001026,2026-01-26,2000,1000,68591,USD,cdb404201976da67
t001027,2026-01-26,1200,3000,12246,USD,cdb404201976da67
t001028,2026-01-26,1000,1200,78108,USD,cdb404201976da67
t001029,2026-01-26,1000,3000,197,USD,cdb404201976da67
t001030,2026-01-26,1000,3000,6639,USD,cdb404201976da67
t001031,2026-01-26,1000,3000,205983,USD,cdb404201976da67
t001032,2026-01-26,4000,1000,190772,USD,cdb404201976da67
t001033,2026-01-26,4471,3000,9745,USD,cdb404201976da67
t001034,2026-01-26,4000,1000,91629,USD,cdb404201976da67
t001035,2026-01-26,1200,3000,100809,USD,cdb404201976da67
t001036,2026-01-26,4471,3000,38405,USD,cdb404201976da67
t001037,2026-01-26,4000,2000,140630,USD,cdb404201976da67
t001038,2026-01-26,1200,3000,181250,USD,cdb404201976da67
t001039,2026-01-26,2000,1000,81549,USD,cdb404201976da67
t001040,2026-01-27,1000,1200,203550,USD,cdb404201976da67
t001041,2026-01-27,4000,2000,9943,USD,cdb404201976da67
t001042,2026-01-27,1200,3000,129089,USD,cdb404201976da67
t001043,2026-01-27,1200,3000,9634,USD,cdb404201976da67
t001044,2026-01-27,1000,1200,96536,USD,cdb404201976da67
t001045,2026-01-27,1200,3000,225034,USD,cdb404201976da67
t001046,2026-01-27,4000,1000,5848,USD,cdb404201976da67
t001047,2026-01-27,6000,1000,182735,USD,cdb404201976da67
t001048,2026-01-27,1000,3000,107602,USD,cdb404201976da67
t001049,2026-01-27,1000,3000,45769,USD,cdb404201976da67
t001050,2026-01-27,4000,1000,9673,USD,cdb404201976da67
t001051,2026-01-27,4000,2000,47583,USD,cdb404201976da67
t001052,2026-01-27,6000,1000,9803,USD,cdb404201976da67
t001053,2026-01-27,1000,4471,177835,USD,cdb404201976da67
t001054,2026-01-27,4000,1000,247717,USD,cdb404201976da67
t001055,2026-01-27,6000,1000,236465,USD,cdb404201976da67
t001056,2026-01-27,1000,3000,5867,USD,cdb404201976da67
t001057,2026-01-27,4000,2000,17998,USD,cdb404201976da67
t001058,2026-01-27,1000,1200,364,USD,cdb404201976da67
t001059,2026-01-27,6000,1000,12810,USD,cdb404201976da67
t001060,2026-01-27,2000,1000,3104,USD,cdb404201976da67
t001061,2026-01-27,4000,2000,163057,USD,cdb404201976da67
t001062,2026-01-27,6000,1000,5553,USD,cdb404201976da67
t001063,2026-01-27,4000,2000,94997,USD,cdb404201976da67
t001064,2026-01-27,2000,1000,1705,USD,cdb404201976da67
t001065,2026-01-27,1000,3000,9630,USD,cdb404201976da67
t001066,2026-01-27,4471,3000,1028,USD,cdb404201976da67
t001067,2026-01-27,1000,4471,233467,USD,cdb404201976da67
t001068,2026-01-27,1200,3000,5071,USD,cdb404201976da67
t001069,2026-01-27,4471,3000,151076,USD,cdb404201976da67
t001070,2026-01-27,4000,2000,174439,USD,cdb404201976da67
t001071,2026-01-27,1200,3000,160122,USD,cdb404201976da67
t001072,2026-01-27,1200,3000,94370,USD,cdb404201976da67
t001073,2026-01-27,1200,3000,38915,USD,cdb404201976da67
t001074,2026-01-27,2000,1000,128972,USD,cdb404201976da67
t001075,2026-01-27,6000,1000,67604,USD,cdb404201976da67
t001076,2026-01-27,4000,2000,55093,USD,cdb404201976da67
t001077,2026-01-27,1000,1200,50366,USD,cdb404201976da67
t001078,2026-01-27,4000,1000,21713,USD,cdb404201976da67
t001079,2026-01-27,1000,4471,193744,USD,cdb404201976da67
t001080,2026-01-28,4000,2000,7292,USD,cdb404201976da67
t001081,2026-01-28,4000,1000,7219,USD,cdb404201976da67
t001082,2026-01-28,1200,3000,57490,USD,cdb404201976da67
t001083,2026-01-28,6000,1000,2667,USD,cdb404201976da67
t001084,2026-01-28,4000,2000,8886,USD,cdb404201976da67
t001085,2026-01-28,4000,2000,71767,USD,cdb404201976da67
t001086,2026-01-28,1200,3000,8980,USD,cdb404201976da67
t001087,2026-01-28,1200,3000,7817,USD,cdb404201976da67
t001088,2026-01-28,1200,3000,210709,USD,cdb404201976da67
t001089,2026-01-28,1000,3000,132797,USD,cdb404201976da67
t001090,2026-01-28,1000,1200,59527,USD,cdb404201976da67
t001091,2026-01-28,1200,3000,217164,USD,cdb404201976da67
t001092,2026-01-28,4471,3000,16181,USD,cdb404201976da67
t001093,2026-01-28,1200,3000,219980,USD,cdb404201976da67
t001094,2026-01-28,1000,3000,215472,USD,cdb404201976da67
t001095,2026-01-28,1000,1200,73450,USD,cdb404201976da67
t001096,2026-01-28,4471,3000,114440,USD,cdb404201976da67
t001097,2026-01-28,4000,1000,202862,USD,cdb404201976da67
t001098,2026-01-28,1000,1200,190840,USD,cdb404201976da67
t001099,2026-01-28,6000,1000,242944,USD,cdb404201976da67
t001100,2026-01-28,4471,3000,88077,USD,cdb404201976da67
t001101,2026-01-28,4000,2000,160624,USD,cdb404201976da67
t001102,2026-01-28,1200,3000,122888,USD,cdb404201976da67
t001103,2026-01-28,4000,1000,8158,USD,cdb404201976da67
t001104,2026-01-28,6000,1000,27439,USD,cdb404201976da67
t001105,2026-01-28,2000,1000,884,USD,cdb404201976da67
t001106,2026-01-28,4000,1000,77202,USD,cdb404201976da67
t001107,2026-01-28,4000,1000,6909,USD,cdb404201976da67
t001108,2026-01-28,2000,1000,54727,USD,cdb404201976da67
t001109,2026-01-28,6000,1000,5730,USD,cdb404201976da67
t001110,2026-01-28,4000,1000,5450,USD,cdb404201976da67
t001111,2026-01-28,4000,2000,58715,USD,cdb404201976da67
t001112,2026-01-28,1200,3000,74161,USD,cdb404201976da67
t001113,2026-01-28,1000,4471,121392,USD,cdb404201976da67
t001114,2026-01-28,4000,1000,1770,USD,cdb404201976da67
t001115,2026-01-28,2000,1000,218312,USD,cdb404201976da67
t001116,2026-01-28,1000,1200,213213,USD,cdb404201976da67
t001117,2026-01-28,4000,2000,25115,USD,cdb404201976da67
t001118,2026-01-28,4471,3000,197848,USD,cdb404201976da67
t001119,2026-01-28,6000,1000,172818,USD,cdb404201976da67
t001120,2026-02-01,1200,3000,227446,USD,cdb404201976da67
t001121,2026-02-01,4000,2000,8391,USD,cdb404201976da67
t001122,2026-02-01,6000,1000,95988,USD,cdb404201976da67
t001123,2026-02-01,2000,1000,161974,USD,cdb404201976da67
t001124,2026-02-01,1000,4471,182361,USD,cdb404201976da67
t001125,2026-02-01,2000,1000,197687,USD,cdb404201976da67
t001126,2026-02-01,1000,3000,8713,USD,cdb404201976da67
t001127,2026-02-01,1000,3000,9665,USD,cdb404201976da67
t001128,2026-02-01,6000,1000,7343,USD,cdb404201976da67
t001129,2026-02-01,4471,3000,45944,USD,cdb404201976da67
t001130,2026-02-01,1000,4471,174672,USD,cdb404201976da67
t001131,2026-02-01,6000,1000,211693,USD,cdb404201976da67
t001132,2026-02-01,1200,3000,157481,USD,cdb404201976da67
t001133,2026-02-01,6000,1000,1015,USD,cdb404201976da67
t001134,2026-02-01,1000,3000,9544,USD,cdb404201976da67
t001135,2026-02-01,1200,3000,167145,USD,cdb404201976da67
t001136,2026-02-01,1000,3000,159348,USD,cdb404201976da67
t001137,2026-02-01,4000,1000,96265,USD,cdb404201976da67
t001138,2026-02-01,2000,1000,133279,USD,cdb404201976da67
t001139,2026-02-01,1000,1200,121799,USD,cdb404201976da67
t001140,2026-02-01,2000,1000,101838,USD,cdb404201976da67
t001141,2026-02-01,1200,3000,43318,USD,cdb404201976da67
t001142,2026-02-01,1200,3000,138888,USD,cdb404201976da67
t001143,2026-02-01,4000,2000,8551,USD,cdb404201976da67
t001144,2026-02-01,1000,4471,146666,USD,cdb404201976da67
t001145,2026-02-01,1200,3000,3637,USD,cdb404201976da67
t001146,2026-02-01,1000,3000,80857,USD,cdb404201976da67
t001147,2026-02-01,6000,1000,1942,USD,cdb404201976da67
t001148,2026-02-01,2000,1000,33149,USD,cdb404201976da67
t001149,2026-02-01,1000,4471,118978,USD,cdb404201976da67
t001150,2026-02-01,1000,1200,201798,USD,cdb404201976da67
t001151,2026-02-01,2000,1000,49979,USD,cdb404201976da67
t001152,2026-02-01,6000,1000,77308,USD,cdb404201976da67
t001153,2026-02-01,1200,3000,14111,USD,cdb404201976da67
t001154,2026-02-01,6000,1000,76660,USD,cdb404201976da67
t001155,2026-02-01,4000,2000,175711,USD,cdb404201976da67
t001156,2026-02-01,1200,3000,122383,USD,cdb404201976da67
t001157,2026-02-01,2000,1000,54241,USD,cdb404201976da67
t001158,2026-02-01,2000,1000,128490,USD,cdb404201976da67
t001159,2026-02-01,1000,4471,86497,USD,cdb404201976da67
t001160,2026-02-02,2000,1000,58959,USD,cdb404201976da67
t001161,2026-02-02,4000,2000,43385,USD,cdb404201976da67
t001162,2026-02-02,2000,1000,34730,USD,cdb404201976da67
t001163,2026-02-02,6000,1000,9253,USD,cdb404201976da67
t001164,2026-02-02,4471,3000,118968,USD,cdb404201976da67
t001165,2026-02-02,1000,3000,133835,USD,cdb404201976da67
t001166,2026-02-02,1000,3000,159833,USD,cdb404201976da67
t001167,2026-02-02,1200,3000,1967,USD,cdb404201976da67
t001168,2026-02-02,1000,1200,106152,USD,cdb404201976da67
t001169,2026-02-02,1000,1200,1669,USD,cdb404201976da67
t001170,2026-02-02,1200,3000,123487,USD,cdb404201976da67
t001171,2026-02-02,4471,3000,1374,USD,cdb404201976da67
t001172,2026-02-02,1000,3000,10213,USD,cdb404201976da67
t001173,2026-02-02,4000,2000,103261,USD,cdb404201976da67
t001174,2026-02-02,1000,3000,4139,USD,cdb404201976da67
t001175,2026-02-02,4471,3000,9311,USD,cdb404201976da67
t001176,2026-02-02,1000,1200,129389,USD,cdb404201976da67
t001177,2026-02-02,1200,3000,233568,USD,cdb404201976da67
t001178,2026-02-02,6000,1000,157142,USD,cdb404201976da67
t001179,2026-02-02,1200,3000,9074,USD,cdb404201976da67
t001180,2026-02-02,1000,3000,185063,USD,cdb404201976da67
t001181,2026-02-02,1000,3000,101573,USD,cdb404201976da67
t001182,2026-02-02,1000,3000,209734,USD,cdb404201976da67
t001183,2026-02-02,4000,2000,6746,USD,cdb404201976da67
t001184,2026-02-02,4000,2000,141090,USD,cdb404201976da67
t001185,2026-02-02,4000,1000,6009,USD,cdb404201976da67
t001186,2026-02-02,4471,3000,224577,USD,cdb404201976da67
t001187,2026-02-02,1000,4471,6612,USD,cdb404201976da67
t001188,2026-02-02,1000,1200,99781,USD,cdb404201976da67
t001189,2026-02-02,2000,1000,128069,USD,cdb404201976da67
t001190,2026-02-02,4471,3000,79467,USD,cdb404201976da67
t001191,2026-02-02,1000,4471,138724,USD,cdb404201976da67
t001192,2026-02-02,4000,1000,774,USD,cdb404201976da67
t001193,2026-02-02,2000,1000,182180,USD,cdb404201976da67
t001194,2026-02-02,6000,1000,581,USD,cdb404201976da67
t001195,2026-02-02,1200,3000,122756,USD,cdb404201976da67
t001196,2026-02-02,1000,4471,91737,USD,cdb404201976da67
t001197,2026-02-02,4000,2000,152526,USD,cdb404201976da67
t001198,2026-02-02,1000,3000,1049,USD,cdb404201976da67
t001199,2026-02-02,1000,1200,195213,USD,cdb404201976da67
t001200,2026-02-03,4471,3000,13581,USD,cdb404201976da67
t001201,2026-02-03,2000,1000,118399,USD,cdb404201976da67
t001202,2026-02-03,4471,3000,6049,USD,cdb404201976da67
t001203,2026-02-03,4471,3000,103173,USD,cdb404201976da67
t001204,2026-02-03,1000,1200,221305,USD,cdb404201976da67
t001205,2026-02-03,4000,1000,59426,USD,cdb404201976da67
t001206,2026-02-03,1000,1200,228673,USD,cdb404201976da67
t001207,2026-02-03,1200,3000,50011,USD,cdb404201976da67
t001208,2026-02-03,1200,3000,3495,USD,cdb404201976da67
t001209,2026-02-03,1000,1200,21909,USD,cdb404201976da67
t001210,2026-02-03,1000,1200,40491,USD,cdb404201976da67
t001211,2026-02-03,2000,1000,41863,USD,cdb404201976da67
t001212,2026-02-03,1000,3000,93481,USD,cdb404201976da67
t001213,2026-02-03,1000,3000,623,USD,cdb404201976da67
t001214,2026-02-03,1200,3000,15611,USD,cdb404201976da67
t001215,2026-02-03,4000,1000,189896,USD,cdb404201976da67
t001216,2026-02-03,4000,1000,139852,USD,cdb404201976da67
t001217,2026-02-03,1200,3000,76690,USD,cdb404201976da67
t001218,2026-02-03,6000,1000,91458,USD,cdb404201976da67
t001219,2026-02-03,1000,1200,34929,USD,cdb404201976da67
t001220,2026-02-03,4000,1000,63199,USD,cdb404201976da67
t001221,2026-02-03,4000,1000,145579,USD,cdb404201976da67
t001222,2026-02-03,1200,3000,8798,USD,cdb404201976da67
t001223,2026-02-03,1200,3000,133058,USD,cdb404201976da67
t001224,2026-02-03,2000,1000,249861,USD,cdb404201976da67
t001225,2026-02-03,4000,2000,14361,USD,cdb404201976da67
t001226,2026-02-03,1000,1200,175844,USD,cdb404201976da67
t001227,2026-02-03,1000,1200,202846,USD,cdb404201976da67
t001228,2026-02-03,1200,3000,66101,USD,cdb404201976da67
t001229,2026-02-03,1000,1200,66440,USD,cdb404201976da67
t001230,2026-02-03,4000,2000,5211,USD,cdb404201976da67
t001231,2026-02-03,4000,2000,103445,USD,cdb404201976da67
t001232,2026-02-03,6000,1000,174431,USD,cdb404201976da67
t001233,2026-02-03,1200,3000,110645,USD,cdb404201976da67
t001234,2026-02-03,1000,3000,1009,USD,cdb404201976da67
t001235,2026-02-03,2000,1000,4108,USD,cdb404201976da67
t001236,2026-02-03,4000,2000,171733,USD,cdb404201976da67
t001237,2026-02-03,1200,3000,58727,USD,cdb404201976da67
t001238,2026-02-03,1000,1200,9368,USD,cdb404201976da67
t001239,2026-02-03,4000,1000,223337,USD,cdb404201976da67
t001240,2026-02-04,4471,3000,92829,USD,cdb404201976da67
t001241,2026-02-04,4000,1000,167439,USD,cdb404201976da67
t001242,2026-02-04,4000,1000,18117,USD,cdb404201976da67
t001243,2026-02-04,1000,3000,5760,USD,cdb404201976da67
t001244,2026-02-04,2000,1000,103559,USD,cdb404201976da67
t001245,2026-02-04,4471,3000,45749,USD,cdb404201976da67
t001246,2026-02-04,1000,1200,8675,USD,cdb404201976da67
t001247,2026-02-04,4000,2000,5456,USD,cdb404201976da67
t001248,2026-02-04,4471,3000,48773,USD,cdb404201976da67
t001249,2026-02-04,1000,4471,146084,USD,cdb404201976da67
t001250,2026-02-04,2000,1000,133411,USD,cdb404201976da67
t001251,2026-02-04,1200,3000,189871,USD,cdb404201976da67
t001252,2026-02-04,4471,3000,242088,USD,cdb404201976da67
t001253,2026-02-04,4000,1000,125630,USD,cdb404201976da67
t001254,2026-02-04,4000,1000,112129,USD,cdb404201976da67
t001255,2026-02-04,4000,1000,2877,USD,cdb404201976da67
t001256,2026-02-04,4471,3000,58970,USD,cdb404201976da67
t001257,2026-02-04,4471,3000,193611,USD,cdb404201976da67
t001258,2026-02-04,6000,1000,169734,USD,cdb404201976da67
t001259,2026-02-04,6000,1000,210169,USD,cdb404201976da67
t001260,2026-02-04,4000,1000,3651,USD,cdb404201976da67
t001261,2026-02-04,4000,1000,9225,USD,cdb404201976da67
t001262,2026-02-04,4000,1000,167523,USD,cdb404201976da67
t001263,2026-02-04,1000,4471,76553,USD,cdb404201976da67
t001264,2026-02-04,1200,3000,95092,USD,cdb404201976da67
t001265,2026-02-04,4000,1000,61504,USD,cdb404201976da67
t001266,2026-02-04,4000,1000,108875,USD,cdb404201976da67
t001267,2026-02-04,4000,1000,107797,USD,cdb404201976da67
t001268,2026-02-04,1000,1200,189046,USD,cdb404201976da67
t001269,2026-02-04,4000,1000,155084,USD,cdb404201976da67
t001270,2026-02-04,1200,3000,2342,USD,cdb404201976da67
t001271,2026-02-04,1000,1200,220238,USD,cdb404201976da67
t001272,2026-02-04,1000,3000,154551,USD,cdb404201976da67
t001273,2026-02-04,6000,1000,244162,USD,cdb404201976da67
t001274,2026-02-04,4000,1000,226460,USD,cdb404201976da67
t001275,2026-02-04,1000,1200,4779,USD,cdb404201976da67
t001276,2026-02-04,1000,1200,53043,USD,cdb404201976da67
t001277,2026-02-04,1000,3000,147591,USD,cdb404201976da67
t001278,2026-02-04,4000,1000,5983,USD,cdb404201976da67
t001279,2026-02-04,1000,4471,12402,USD,cdb404201976da67
t001280,2026-02-05,2000,1000,5520,USD,cdb404201976da67
t001281,2026-02-05,1000,3000,24157,USD,cdb404201976da67
t001282,2026-02-05,6000,1000,3716,USD,cdb404201976da67
t001283,2026-02-05,6000,1000,3368,USD,cdb404201976da67
t001284,2026-02-05,4000,2000,142653,USD,cdb404201976da67
t001285,2026-02-05,1000,3000,77409,USD,cdb404201976da67
t001286,2026-02-05,1200,3000,184520,USD,cdb404201976da67
t001287,2026-02-05,4000,2000,7323,USD,cdb404201976da67
t001288,2026-02-05,1000,1200,126091,USD,cdb404201976da67
t001289,2026-02-05,4471,3000,9985,USD,cdb404201976da67
t001290,2026-02-05,4000,2000,91170,USD,cdb404201976da67
t001291,2026-02-05,1000,1200,190505,USD,cdb404201976da67
t001292,2026-02-05,4000,2000,210172,USD,cdb404201976da67
t001293,2026-02-05,4000,1000,185429,USD,cdb404201976da67
t001294,2026-02-05,2000,1000,173589,USD,cdb404201976da67
t001295,2026-02-05,1000,3000,151431,USD,cdb404201976da67
t001296,2026-02-05,1200,3000,78299,USD,cdb404201976da67
t001297,2026-02-05,6000,1000,157207,USD,cdb404201976da67
t001298,2026-02-05,2000,1000,6413,USD,cdb404201976da67
t001299,2026-02-05,1200,3000,7280,USD,cdb404201976da67
t001300,2026-02-05,4000,1000,4460,USD,cdb404201976da67
t001301,2026-02-05,4000,2000,67855,USD,cdb404201976da67
t001302,2026-02-05,6000,1000,226995,USD,cdb404201976da67
t001303,2026-02-05,4000,1000,1692,USD,cdb404201976da67
t001304,2026-02-05,1200,3000,98959,USD,cdb404201976da67
t001305,2026-02-05,2000,1000,37974,USD,cdb404201976da67
t001306,2026-02-05,2000,1000,1915,USD,cdb404201976da67
t001307,2026-02-05,2000,1000,171515,USD,cdb404201976da67
t001308,2026-02-05,1200,3000,80893,USD,cdb404201976da67
t001309,2026-02-05,1000,1200,8500,USD,cdb404201976da67
t001310,2026-02-05,1000,3000,209588,USD,cdb404201976da67
t001311,2026-02-05,4000,1000,110693,USD,cdb404201976da67
t001312,2026-02-05,6000,1000,73262,USD,cdb404201976da67
t001313,2026-02-05,2000,1000,218508,USD,cdb404201976da67
t001314,2026-02-05,2000,1000,137260,USD,cdb404201976da67
t001315,2026-02-05,1000,4471,170721,USD,cdb404201976da67
t001316,2026-02-05,1000,1200,48215,USD,cdb404201976da67
t001317,2026-02-05,2000,1000,8289,USD,cdb404201976da67
t001318,2026-02-05,1000,3000,69998,USD,cdb404201976da67
t001319,2026-02-05,1000,1200,86792,USD,cdb404201976da67
t001320,2026-02-06,6000,1000,51465,USD,cdb404201976da67
t001321,2026-02-06,1200,3000,102366,USD,cdb404201976da67
t001322,2026-02-06,4000,1000,232429,USD,cdb404201976da67
t001323,2026-02-06,4000,1000,2099,USD,cdb404201976da67
t001324,2026-02-06,1000,3000,192031,USD,cdb404201976da67
t001325,2026-02-06,6000,1000,233189,USD,cdb404201976da67
t001326,2026-02-06,1000,1200,7868,USD,cdb404201976da67
t001327,2026-02-06,4471,3000,111469,USD,cdb404201976da67
t001328,2026-02-06,6000,1000,5569,USD,cdb404201976da67
t001329,2026-02-06,1000,3000,229889,USD,cdb404201976da67
t001330,2026-02-06,2000,1000,126264,USD,cdb404201976da67
t001331,2026-02-06,6000,1000,460,USD,cdb404201976da67
t001332,2026-02-06,4471,3000,205728,USD,cdb404201976da67
t001333,2026-02-06,6000,1000,3124,USD,cdb404201976da67
t001334,2026-02-06,1000,4471,3994,USD,cdb404201976da67
t001335,2026-02-06,4471,3000,105948,USD,cdb404201976da67
t001336,2026-02-06,2000,1000,207061,USD,cdb404201976da67
t001337,2026-02-06,4471,3000,1356,USD,cdb404201976da67
t001338,2026-02-06,4000,2000,15047,USD,cdb404201976da67
t001339,2026-02-06,1000,1200,98644,USD,cdb404201976da67
t001340,2026-02-06,1200,3000,6663,USD,cdb404201976da67
t001341,2026-02-06,6000,1000,2773,USD,cdb404201976da67
t001342,2026-02-06,6000,1000,87544,USD,cdb404201976da67
t001343,2026-02-06,1200,3000,163816,USD,cdb404201976da67
t001344,2026-02-06,6000,1000,6661,USD,cdb404201976da67
t001345,2026-02-06,4000,2000,4488,USD,cdb404201976da67
t001346,2026-02-06,1000,1200,98907,USD,cdb404201976da67
t001347,2026-02-06,1200,3000,112909,USD,cdb404201976da67
t001348,2026-02-06,1200,3000,241304,USD,cdb404201976da67
t001349,2026-02-06,2000,1000,162479,USD,cdb404201976da67
t001350,2026-02-06,1000,1200,9650,USD,cdb404201976da67
t001351,2026-02-06,4000,1000,1495,USD,cdb404201976da67
t001352,2026-02-06,1200,3000,8798,USD,cdb404201976da67
t001353,2026-02-06,6000,1000,1969,USD,cdb404201976da67
t001354,2026-02-06,1000,4471,9957,USD,cdb404201976da67
t001355,2026-02-06,6000,1000,104587,USD,cdb404201976da67
t001356,2026-02-06,1000,3000,1471,USD,cdb404201976da67
t001357,2026-02-06,4000,1000,69975,USD,cdb404201976da67
t001358,2026-02-06,1000,4471,2423,USD,cdb404201976da67
t001359,2026-02-06,6000,1000,2664,USD,cdb404201976da67
t001360,2026-02-07,1000,3000,3858,USD,cdb404201976da67
t001361,2026-02-07,1200,3000,206104,USD,cdb404201976da67
t001362,2026-02-07,4000,1000,117502,USD,cdb404201976da67
t001363,2026-02-07,1000,4471,40908,USD,cdb404201976da67
t001364,2026-02-07,1200,3000,169695,USD,cdb404201976da67
t001365,2026-02-07,1000,3000,114176,USD,cdb404201976da67
t001366,2026-02-07,4471,3000,4692,USD,cdb404201976da67
t001367,2026-02-07,6000,1000,219438,USD,cdb404201976da67
t001368,2026-02-07,1000,1200,169482,USD,cdb404201976da67
t001369,2026-02-07,6000,1000,182918,USD,cdb404201976da67
t001370,2026-02-07,4000,1000,7268,USD,cdb404201976da67
t001371,2026-02-07,4000,1000,70995,USD,cdb404201976da67
t001372,2026-02-07,1000,1200,58098,USD,cdb404201976da67
t001373,2026-02-07,1000,4471,48016,USD,cdb404201976da67
t001374,2026-02-07,1000,1200,3872,USD,cdb404201976da67
t001375,2026-02-07,1200,3000,72255,USD,cdb404201976da67
t001376,2026-02-07,4000,1000,191773,USD,cdb404201976da67
t001377,2026-02-07,2000,1000,195397,USD,cdb404201976da67
t001378,2026-02-07,6000,1000,149149,USD,cdb404201976da67
t001379,2026-02-07,1000,3000,4457,USD,cdb404201976da67
t001380,2026-02-07,2000,1000,29148,USD,cdb404201976da67
t001381,2026-02-07,1000,4471,2345,USD,cdb404201976da67
t001382,2026-02-07,4000,1000,178580,USD,cdb404201976da67
t001383,2026-02-07,2000,1000,153369,USD,cdb404201976da67
t001384,2026-02-07,6000,1000,148313,USD,cdb404201976da67
t001385,2026-02-07,4000,1000,6341,USD,cdb404201976da67
t001386,2026-02-07,4000,2000,85647,USD,cdb404201976da67
t001387,2026-02-07,4000,1000,127123,USD,cdb404201976da67
t001388,2026-02-07,1200,3000,217165,USD,cdb404201976da67
t001389,2026-02-07,4000,2000,235197,USD,cdb404201976da67
t001390,2026-02-07,1000,4471,72895,USD,cdb404201976da67
t001391,2026-02-07,4471,3000,137768,USD,cdb404201976da67
t001392,2026-02-07,6000,1000,171559,USD,cdb404201976da67
t001393,2026-02-07,6000,1000,4932,USD,cdb404201976da67
t001394,2026-02-07,4471,3000,53379,USD,cdb404201976da67
t001395,2026-02-07,2000,1000,86634,USD,cdb404201976da67
t001396,2026-02-07,1000,3000,205507,USD,cdb404201976da67
t001397,2026-02-07,1000,4471,62277,USD,cdb404201976da67
t001398,2026-02-07,1000,3000,217600,USD,cdb404201976da67
t001399,2026-02-07,1000,1200,94457,USD,cdb404201976da67
t001400,2026-02-08,1000,4471,199661,USD,cdb404201976da67
t001401,2026-02-08,2000,1000,5963,USD,cdb404201976da67
t001402,2026-02-08,1000,1200,4228,USD,cdb404201976da67
t001403,2026-02-08,1000,3000,65860,USD,cdb404201976da67
t001404,2026-02-08,1000,1200,7670,USD,cdb404201976da67
t001405,2026-02-08,1000,1200,190948,USD,cdb404201976da67
t001406,2026-02-08,4000,2000,169078,USD,cdb404201976da67
t001407,2026-02-08,1000,3000,168548,USD,cdb404201976da67
t001408,2026-02-08,6000,1000,6734,USD,cdb404201976da67
t001409,2026-02-08,2000,1000,2062,USD,cdb404201976da67
t001410,2026-02-08,4471,3000,8073,USD,cdb404201976da67
t001411,2026-02-08,4000,1000,124412,USD,cdb404201976da67
t001412,2026-02-08,4000,1000,15667,USD,cdb404201976da67
t001413,2026-02-08,1000,4471,124276,USD,cdb404201976da67
t001414,2026-02-08,4471,3000,123931,USD,cdb404201976da67
t001415,2026-02-08,4000,1000,158566,USD,cdb404201976da67
t001416,2026-02-08,4000,1000,9724,USD,cdb404201976da67
t001417,2026-02-08,4000,1000,160,USD,cdb404201976da67
t001418,2026-02-08,1000,1200,97938,USD,cdb404201976da67
t001419,2026-02-08,4471,3000,2259,USD,cdb404201976da67
t001420,2026-02-08,6000,1000,42720,USD,cdb404201976da67
t001421,2026-02-08,1000,3000,127711,USD,cdb404201976da67
t001422,2026-02-08,6000,1000,83427,USD,cdb404201976da67
t001423,2026-02-08,6000,1000,7425,USD,cdb404201976da67
t001424,2026-02-08,2000,1000,9824,USD,cdb404201976da67
t001425,2026-02-08,1000,4471,35141,USD,cdb404201976da67
t001426,2026-02-08,4000,2000,221961,USD,cdb404201976da67
t001427,2026-02-08,2000,1000,204669,USD,cdb404201976da67
t001428,2026-02-08,1200,3000,15906,USD,cdb404201976da67
t001429,2026-02-08,6000,1000,84823,USD,cdb404201976da67
t001430,2026-02-08,1200,3000,101737,USD,cdb404201976da67
t001431,2026-02-08,1000,1200,2802,USD,cdb404201976da67
t001432,2026-02-08,6000,1000,133604,USD,cdb404201976da67
t001433,2026-02-08,4000,1000,205146,USD,cdb404201976da67
t001434,2026-02-08,1000,1200,67361,USD,cdb404201976da67
t001435,2026-02-08,4000,1000,197789,USD,cdb404201976da67
t001436,2026-02-08,1000,1200,219717,USD,cdb404201976da67
t001437,2026-02-08,4000,2000,146964,USD,cdb404201976da67
t001438,2026-02-08,1000,1200,188736,USD,cdb404201976da67
t001439,2026-02-08,4000,2000,11892,USD,cdb404201976da67
t001440,2026-02-09,1200,3000,199333,USD,cdb404201976da67
t001441,2026-02-09,4000,2000,116381,USD,cdb404201976da67
t001442,2026-02-09,4000,1000,9267,USD,cdb404201976da67
t001443,2026-02-09,4000,2000,813,USD,cdb404201976da67
t001444,2026-02-09,4471,3000,21600,USD,cdb404201976da67
t001445,2026-02-09,1000,3000,85130,USD,cdb404201976da67
t001446,2026-02-09,1000,1200,46129,USD,cdb404201976da67
t001447,2026-02-09,4000,1000,8210,USD,cdb404201976da67
t001448,2026-02-09,4471,3000,6419,USD,cdb404201976da67
t001449,2026-02-09,1000,1200,245766,USD,cdb404201976da67
t001450,2026-02-09,1000,4471,9810,USD,cdb404201976da67
t001451,2026-02-09,2000,1000,25486,USD,cdb404201976da67
t001452,2026-02-09,4000,1000,122982,USD,cdb404201976da67
t001453,2026-02-09,6000,1000,206394,USD,cdb404201976da67
t001454,2026-02-09,2000,1000,78293,USD,cdb404201976da67
t001455,2026-02-09,4000,2000,186976,USD,cdb404201976da67
t001456,2026-02-09,2000,1000,1781,USD,cdb404201976da67
t001457,2026-02-09,4000,2000,142220,USD,cdb404201976da67
t001458,2026-02-09,1000,1200,94117,USD,cdb404201976da67
t001459,2026-02-09,1000,1200,168261,USD,cdb404201976da67
t001460,2026-02-09,4000,1000,80464,USD,cdb404201976da67
t001461,2026-02-09,2000,1000,4191,USD,cdb404201976da67
t001462,2026-02-09,6000,1000,185968,USD,cdb404201976da67
t001463,2026-02-09,1000,4471,177692,USD,cdb404201976da67
t001464,2026-02-09,4000,2000,6081,USD,cdb404201976da67
t001465,2026-02-09,6000,1000,5745,USD,cdb404201976da67
t001466,2026-02-09,2000,1000,226141,USD,cdb404201976da67
t001467,2026-02-09,1200,3000,3793,USD,cdb404201976da67
t001468,2026-02-09,6000,1000,5230,USD,cdb404201976da67
t001469,2026-02-09,4471,3000,1204,USD,cdb404201976da67
t001470,2026-02-09,6000,1000,8364,USD,cdb404201976da67
t001471,2026-02-09,2000,1000,127547,USD,cdb404201976da67
t001472,2026-02-09,1000,4471,185854,USD,cdb404201976da67
t001473,2026-02-09,2000,1000,129607,USD,cdb404201976da67
t001474,2026-02-09,1000,1200,8191,USD,cdb404201976da67
t001475,2026-02-09,4000,2000,50109,USD,cdb404201976da67
t001476,2026-02-09,4000,1000,96392,USD,cdb404201976da67
t001477,2026-02-09,1000,3000,160484,USD,cdb404201976da67
t001478,2026-02-09,1000,3000,21353,USD,cdb404201976da67
t001479,2026-02-09,1200,3000,116758,USD,cdb404201976da67
t001480,2026-02-10,6000,1000,8036,USD,cdb404201976da67
t001481,2026-02-10,4000,1000,64429,USD,cdb404201976da67
t001482,2026-02-10,4471,3000,25953,USD,cdb404201976da67
t001483,2026-02-10,6000,1000,217370,USD,cdb404201976da67
t001484,2026-02-10,4000,1000,228077,USD,cdb404201976da67
t001485,2026-02-10,1000,3000,112456,USD,cdb404201976da67
t001486,2026-02-10,1000,1200,233549,USD,cdb404201976da67
t001487,2026-02-10,4000,1000,1003,USD,cdb404201976da67
t001488,2026-02-10,2000,1000,7836,USD,cdb404201976da67
t001489,2026-02-10,1000,4471,166398,USD,cdb404201976da67
t001490,2026-02-10,1000,1200,180686,USD,cdb404201976da67
t001491,2026-02-10,4471,3000,127965,USD,cdb404201976da67
t001492,2026-02-10,1000,3000,108864,USD,cdb404201976da67
t001493,2026-02-10,2000,1000,2622,USD,cdb404201976da67
t001494,2026-02-10,4000,1000,8342,USD,cdb404201976da67
t001495,2026-02-10,1200,3000,121198,USD,cdb404201976da67
t001496,2026-02-10,2000,1000,160927,USD,cdb404201976da67
t001497,2026-02-10,1000,3000,225488,USD,cdb404201976da67
t001498,2026-02-10,4000,1000,229687,USD,cdb404201976da67
t001499,2026-02-10,4000,2000,3023,USD,cdb404201976da67
t001500,2026-02-10,4000,1000,118534,USD,cdb404201976da67
t001501,2026-02-10,1000,3000,145390,USD,cdb404201976da67
t001502,2026-02-10,1000,3000,35849,USD,cdb404201976da67
t001503,2026-02-10,6000,1000,11756,USD,cdb404201976da67
t001504,2026-02-10,1000,3000,9692,USD,cdb404201976da67
t001505,2026-02-10,4000,2000,183141,USD,cdb404201976da67
t001506,2026-02-10,1000,3000,41920,USD,cdb404201976da67
t001507,2026-02-10,1000,3000,194614,USD,cdb404201976da67
t001508,2026-02-10,1000,1200,131034,USD,cdb404201976da67
t001509,2026-02-10,1000,3000,208947,USD,cdb404201976da67
t001510,2026-02-10,1000,3000,5396,USD,cdb404201976da67
t001511,2026-02-10,6000,1000,23791,USD,cdb404201976da67
t001512,2026-02-10,4000,1000,161977,USD,cdb404201976da67
t001513,2026-02-10,4471,3000,8334,USD,cdb404201976da67
t001514,2026-02-10,4471,3000,78832,USD,cdb404201976da67
t001515,2026-02-10,2000,1000,1966,USD,cdb404201976da67
t001516,2026-02-10,1200,3000,8141,USD,cdb404201976da67
t001517,2026-02-10,1000,3000,146038,USD,cdb404201976da67
t001518,2026-02-10,1000,1200,235887,USD,cdb404201976da67
t001519,2026-02-10,1200,3000,165890,USD,cdb404201976da67
t001520,2026-02-11,4000,1000,6056,USD,cdb404201976da67
t001521,2026-02-11,4000,2000,26404,USD,cdb404201976da67
t001522,2026-02-11,1000,1200,151254,USD,cdb404201976da67
t001523,2026-02-11,6000,1000,3002,USD,cdb404201976da67
t001524,2026-02-11,1200,3000,42925,USD,cdb404201976da67
t001525,2026-02-11,4000,2000,90985,USD,cdb404201976da67
t001526,2026-02-11,1000,1200,7759,USD,cdb404201976da67
t001527,2026-02-11,1000,3000,209132,USD,cdb404201976da67
t001528,2026-02-11,1000,3000,1072,USD,cdb404201976da67
t001529,2026-02-11,4000,1000,219391,USD,cdb404201976da67
t001530,2026-02-11,1000,3000,154972,USD,cdb404201976da67
t001531,2026-02-11,1000,1200,180509,USD,cdb404201976da67
t001532,2026-02-11,4000,2000,130102,USD,cdb404201976da67
t001533,2026-02-11,4000,1000,4447,USD,cdb404201976da67
t001534,2026-02-11,1000,1200,125058,USD,cdb404201976da67
t001535,2026-02-11,1200,3000,71993,USD,cdb404201976da67
t001536,2026-02-11,1000,1200,3390,USD,cdb404201976da67
t001537,2026-02-11,1000,3000,189564,USD,cdb404201976da67
t001538,2026-02-11,4000,1000,241216,USD,cdb404201976da67
t001539,2026-02-11,4000,1000,237652,USD,cdb404201976da67
t001540,2026-02-11,4000,2000,248944,USD,cdb404201976da67
t001541,2026-02-11,4000,1000,8900,USD,cdb404201976da67
t001542,2026-02-11,1200,3000,197192,USD,cdb404201976da67
t001543,2026-02-11,4000,1000,41084,USD,cdb404201976da67
t001544,2026-02-11,2000,1000,225079,USD,cdb404201976da67
t001545,2026-02-11,1000,3000,7684,USD,cdb404201976da67
t001546,2026-02-11,4000,1000,16121,USD,cdb404201976da67
t001547,2026-02-11,1000,1200,168637,USD,cdb404201976da67
t001548,2026-02-11,4000,2000,125105,USD,cdb404201976da67
t001549,2026-02-11,4000,1000,8729,USD,cdb404201976da67
t001550,2026-02-11,4000,2000,9853,USD,cdb404201976da67
t001551,2026-02-11,1000,4471,6345,USD,cdb404201976da67
t001552,2026-02-11,4000,2000,106689,USD,cdb404201976da67
t001553,2026-02-11,2000,1000,9492,USD,cdb404201976da67
t001554,2026-02-11,6000,1000,26243,USD,cdb404201976da67
t001555,2026-02-11,4471,3000,197306,USD,cdb404201976da67
t001556,2026-02-11,4000,1000,16108,USD,cdb404201976da67
t001557,2026-02-11,1000,1200,1311,USD,cdb404201976da67
t001558,2026-02-11,6000,1000,239646,USD,cdb404201976da67
t001559,2026-02-11,1200,3000,616,USD,cdb404201976da67
t001560,2026-02-12,6000,1000,3254,USD,cdb404201976da67
t001561,2026-02-12,1200,3000,222467,USD,cdb404201976da67
t001562,2026-02-12,2000,1000,61251,USD,cdb404201976da67
t001563,2026-02-12,1000,1200,9376,USD,cdb404201976da67
t001564,2026-02-12,4000,1000,78293,USD,cdb404201976da67
t001565,2026-02-12,4471,3000,41632,USD,cdb404201976da67
t001566,2026-02-12,4000,2000,5938,USD,cdb404201976da67
t001567,2026-02-12,1200,3000,71664,USD,cdb404201976da67
t001568,2026-02-12,1200,3000,139581,USD,cdb404201976da67
t001569,2026-02-12,1000,1200,2310,USD,cdb404201976da67
t001570,2026-02-12,2000,1000,901,USD,cdb404201976da67
t001571,2026-02-12,1000,3000,160718,USD,cdb404201976da67
t001572,2026-02-12,4000,2000,8905,USD,cdb404201976da67
t001573,2026-02-12,1000,3000,60905,USD,cdb404201976da67
t001574,2026-02-12,4471,3000,109883,USD,cdb404201976da67
t001575,2026-02-12,4000,2000,2886,USD,cdb404201976da67
t001576,2026-02-12,4000,1000,177287,USD,cdb404201976da67
t001577,2026-02-12,1000,3000,118708,USD,cdb404201976da67
t001578,2026-02-12,1000,1200,56816,USD,cdb404201976da67
t001579,2026-02-12,6000,1000,109456,USD,cdb404201976da67
t001580,2026-02-12,6000,1000,5754,USD,cdb404201976da67
t001581,2026-02-12,1000,1200,130218,USD,cdb404201976da67
t001582,2026-02-12,1000,4471,217021,USD,cdb404201976da67
t001583,2026-02-12,4000,2000,3297,USD,cdb404201976da67
t001584,2026-02-12,1000,1200,5878,USD,cdb404201976da67
t001585,2026-02-12,1000,3000,5381,USD,cdb404201976da67
t001586,2026-02-12,4000,2000,178427,USD,cdb404201976da67
t001587,2026-02-12,4471,3000,1349,USD,cdb404201976da67
t001588,2026-02-12,4471,3000,113871,USD,cdb404201976da67
t001589,2026-02-12,4000,2000,228055,USD,cdb404201976da67
t001590,2026-02-12,4000,1000,223290,USD,cdb404201976da67
t001591,2026-02-12,1000,1200,148316,USD,cdb404201976da67
t001592,2026-02-12,4000,2000,2930,USD,cdb404201976da67
t001593,2026-02-12,4000,1000,71406,USD,cdb404201976da67
t001594,2026-02-12,2000,1000,66842,USD,cdb404201976da67
t001595,2026-02-12,4000,1000,37912,USD,cdb404201976da67
t001596,2026-02-12,1200,3000,72633,USD,cdb404201976da67
t001597,2026-02-12,1000,3000,235294,USD,cdb404201976da67
t001598,2026-02-12,1000,3000,1637,USD,cdb404201976da67
t001599,2026-02-12,1000,1200,122004,USD,cdb404201976da67
t001600,2026-02-13,4000,1000,98319,USD,cdb404201976da67
t001601,2026-02-13,4000,2000,229746,USD,cdb404201976da67
t001602,2026-02-13,6000,1000,144728,USD,cdb404201976da67
t001603,2026-02-13,6000,1000,245642,USD,cdb404201976da67
t001604,2026-02-13,1000,1200,5430,USD,cdb404201976da67
t001605,2026-02-13,4471,3000,21309,USD,cdb404201976da67
t001606,2026-02-13,4000,1000,104472,USD,cdb404201976da67
t001607,2026-02-13,4471,3000,180809,USD,cdb404201976da67
t001608,2026-02-13,6000,1000,207085,USD,cdb404201976da67
t001609,2026-02-13,1000,3000,9833,USD,cdb404201976da67
t001610,2026-02-13,6000,1000,212900,USD,cdb404201976da67
t001611,2026-02-13,4000,2000,249274,USD,cdb404201976da67
t001612,2026-02-13,1000,3000,246808,USD,cdb404201976da67
t001613,2026-02-13,1000,3000,121236,USD,cdb404201976da67
t001614,2026-02-13,6000,1000,237091,USD,cdb404201976da67
t001615,2026-02-13,4000,2000,28283,USD,cdb404201976da67
t001616,2026-02-13,4000,1000,215534,USD,cdb404201976da67
t001617,2026-02-13,1000,4471,77022,USD,cdb404201976da67
t001618,2026-02-13,4000,1000,213918,USD,cdb404201976da67
t001619,2026-02-13,4471,3000,1288,USD,cdb404201976da67
t001620,2026-02-13,2000,1000,5406,USD,cdb404201976da67
t001621,2026-02-13,1000,4471,63768,USD,cdb404201976da67
t001622,2026-02-13,4000,1000,7283,USD,cdb404201976da67
t001623,2026-02-13,4471,3000,4322,USD,cdb404201976da67
t001624,2026-02-13,1200,3000,56284,USD,cdb404201976da67
t001625,2026-02-13,2000,1000,3494,USD,cdb404201976da67
t001626,2026-02-13,1000,3000,89565,USD,cdb404201976da67
t001627,2026-02-13,1000,4471,23760,USD,cdb404201976da67
t001628,2026-02-13,1200,3000,221620,USD,cdb404201976da67
t001629,2026-02-13,6000,1000,168588,USD,cdb404201976da67
t001630,2026-02-13,2000,1000,157852,USD,cdb404201976da67
t001631,2026-02-13,1000,1200,4417,USD,cdb404201976da67
t001632,2026-02-13,2000,1000,180901,USD,cdb404201976da67
t001633,2026-02-13,2000,1000,63450,USD,cdb404201976da67
t001634,2026-02-13,2000,1000,9382,USD,cdb404201976da67
t001635,2026-02-13,4000,1000,44973,USD,cdb404201976da67
t001636,2026-02-13,2000,1000,52635,USD,cdb404201976da67
t001637,2026-02-13,1000,4471,3219,USD,cdb404201976da67
t001638,2026-02-13,1000,4471,142700,USD,cdb404201976da67
t001639,2026-02-13,1000,1200,1518,USD,cdb404201976da67
t001640,2026-02-14,4000,1000,930,USD,cdb404201976da67
t001641,2026-02-14,4471,3000,90881,USD,cdb404201976da67
t001642,2026-02-14,6000,1000,69683,USD,cdb404201976da67
t001643,2026-02-14,1000,1200,175405,USD,cdb404201976da67
t001644,2026-02-14,1000,1200,239353,USD,cdb404201976da67
t001645,2026-02-14,1200,3000,201175,USD,cdb404201976da67
t001646,2026-02-14,1000,1200,9729,USD,cdb404201976da67
t001647,2026-02-14,6000,1000,197613,USD,cdb404201976da67
t001648,2026-02-14,1200,3000,74807,USD,cdb404201976da67
t001649,2026-02-14,2000,1000,20188,USD,cdb404201976da67
t001650,2026-02-14,1000,1200,6321,USD,cdb404201976da67
t001651,2026-02-14,1200,3000,9495,USD,cdb404201976da67
t001652,2026-02-14,1000,3000,7997,USD,cdb404201976da67
t001653,2026-02-14,4000,1000,6947,USD,cdb404201976da67
t001654,2026-02-14,4471,3000,216606,USD,cdb404201976da67
t001655,2026-02-14,1000,3000,87939,USD,cdb404201976da67
t001656,2026-02-14,6000,1000,101077,USD,cdb404201976da67
t001657,2026-02-14,4000,1000,9220,USD,cdb404201976da67
t001658,2026-02-14,1200,3000,8781,USD,cdb404201976da67
t001659,2026-02-14,6000,1000,114565,USD,cdb404201976da67
t001660,2026-02-14,4000,1000,96274,USD,cdb404201976da67
t001661,2026-02-14,1200,3000,1119,USD,cdb404201976da67
t001662,2026-02-14,1000,3000,210695,USD,cdb404201976da67
t001663,2026-02-14,1000,1200,53902,USD,cdb404201976da67
t001664,2026-02-14,4000,1000,208704,USD,cdb404201976da67
t001665,2026-02-14,4000,2000,34747,USD,cdb404201976da67
t001666,2026-02-14,1000,3000,111092,USD,cdb404201976da67
t001667,2026-02-14,1000,3000,220369,USD,cdb404201976da67
t001668,2026-02-14,4000,1000,7209,USD,cdb404201976da67
t001669,2026-02-14,2000,1000,3494,USD,cdb404201976da67
t001670,2026-02-14,2000,1000,1683,USD,cdb404201976da67
t001671,2026-02-14,4000,1000,2590,USD,cdb404201976da67
t001672,2026-02-14,1000,1200,9881,USD,cdb404201976da67
t001673,2026-02-14,4000,1000,110486,USD,cdb404201976da67
t001674,2026-02-14,4000,1000,40794,USD,cdb404201976da67
t001675,2026-02-14,4000,1000,69478,USD,cdb404201976da67
t001676,2026-02-14,1200,3000,52185,USD,cdb404201976da67
t001677,2026-02-14,1200,3000,211856,USD,cdb404201976da67
t001678,2026-02-14,6000,1000,144407,USD,cdb404201976da67
t001679,2026-02-14,1000,3000,21467,USD,cdb404201976da67
t001680,2026-02-15,4000,2000,112195,USD,cdb404201976da67
t001681,2026-02-15,1000,1200,199070,USD,cdb404201976da67
t001682,2026-02-15,2000,1000,162010,USD,cdb404201976da67
t001683,2026-02-15,4000,2000,22062,USD,cdb404201976da67
t001684,2026-02-15,4000,1000,3302,USD,cdb404201976da67
t001685,2026-02-15,4471,3000,40124,USD,cdb404201976da67
t001686,2026-02-15,4000,2000,98210,USD,cdb404201976da67
t001687,2026-02-15,4000,2000,134052,USD,cdb404201976da67
t001688,2026-02-15,6000,1000,226681,USD,cdb404201976da67
t001689,2026-02-15,4471,3000,7938,USD,cdb404201976da67
t001690,2026-02-15,6000,1000,18665,USD,cdb404201976da67
t001691,2026-02-15,1200,3000,123123,USD,cdb404201976da67
t001692,2026-02-15,1200,3000,175282,USD,cdb404201976da67
t001693,2026-02-15,4471,3000,5787,USD,cdb404201976da67
t001694,2026-02-15,1000,3000,8858,USD,cdb404201976da67
t001695,2026-02-15,1000,3000,25215,USD,cdb404201976da67
t001696,2026-02-15,1000,1200,4277,USD,cdb404201976da67
t001697,2026-02-15,6000,1000,7629,USD,cdb404201976da67
t001698,2026-02-15,4000,2000,7811,USD,cdb404201976da67
t001699,2026-02-15,6000,1000,7032,USD,cdb404201976da67
t001700,2026-02-15,1000,3000,31528,USD,cdb404201976da67
t001701,2026-02-15,6000,1000,167182,USD,cdb404201976da67
t001702,2026-02-15,6000,1000,90459,USD,cdb404201976da67
t001703,2026-02-15,4471,3000,119487,USD,cdb404201976da67
t001704,2026-02-15,1000,3000,240764,USD,cdb404201976da67
t001705,2026-02-15,1000,4471,1610,USD,cdb404201976da67
t001706,2026-02-15,1000,1200,236490,USD,cdb404201976da67
t001707,2026-02-15,1000,3000,19284,USD,cdb404201976da67
t001708,2026-02-15,2000,1000,120502,USD,cdb404201976da67
t001709,2026-02-15,4000,1000,140752,USD,cdb404201976da67
t001710,2026-02-15,1000,1200,43521,USD,cdb404201976da67
t001711,2026-02-15,2000,1000,136631,USD,cdb404201976da67
t001712,2026-02-15,1000,3000,30076,USD,cdb404201976da67
t001713,2026-02-15,4000,2000,7811,USD,cdb404201976da67
t001714,2026-02-15,6000,1000,201500,USD,cdb404201976da67
t001715,2026-02-15,4000,2000,174248,USD,cdb404201976da67
t001716,2026-02-15,1000,1200,177962,USD,cdb404201976da67
t001717,2026-02-15,1200,3000,16926,USD,cdb404201976da67
t001718,2026-02-15,6000,1000,5133,USD,cdb404201976da67
t001719,2026-02-15,2000,1000,119946,USD,cdb404201976da67
t001720,2026-02-16,1200,3000,3412,USD,cdb404201976da67
t001721,2026-02-16,4471,3000,7160,USD,cdb404201976da67
t001722,2026-02-16,1000,3000,239094,USD,cdb404201976da67
t001723,2026-02-16,2000,1000,3274,USD,cdb404201976da67
t001724,2026-02-16,1000,1200,5019,USD,cdb404201976da67
t001725,2026-02-16,4000,2000,131957,USD,cdb404201976da67
t001726,2026-02-16,6000,1000,74528,USD,cdb404201976da67
t001727,2026-02-16,4471,3000,220183,USD,cdb404201976da67
t001728,2026-02-16,1000,3000,240766,USD,cdb404201976da67
t001729,2026-02-16,4471,3000,8260,USD,cdb404201976da67
t001730,2026-02-16,1000,3000,49929,USD,cdb404201976da67
t001731,2026-02-16,6000,1000,4538,USD,cdb404201976da67
t001732,2026-02-16,1000,3000,8880,USD,cdb404201976da67
t001733,2026-02-16,4000,1000,249323,USD,cdb404201976da67
t001734,2026-02-16,1000,1200,175321,USD,cdb404201976da67
t001735,2026-02-16,1000,4471,85577,USD,cdb404201976da67
t001736,2026-02-16,4000,1000,7404,USD,cdb404201976da67
t001737,2026-02-16,1200,3000,4681,USD,cdb404201976da67
t001738,2026-02-16,1000,1200,129075,USD,cdb404201976da67
t001739,2026-02-16,1000,1200,148267,USD,cdb404201976da67
t001740,2026-02-16,4000,2000,226438,USD,cdb404201976da67
t001741,2026-02-16,2000,1000,237936,USD,cdb404201976da67
t001742,2026-02-16,2000,1000,195073,USD,cdb404201976da67
t001743,2026-02-16,4000,1000,38585,USD,cdb404201976da67
t001744,2026-02-16,1000,3000,210870,USD,cdb404201976da67
t001745,2026-02-16,1200,3000,68358,USD,cdb404201976da67
t001746,2026-02-16,1200,3000,14628,USD,cdb404201976da67
t001747,2026-02-16,2000,1000,3347,USD,cdb404201976da67
t001748,2026-02-16,2000,1000,56065,USD,cdb404201976da67
t001749,2026-02-16,1200,3000,208240,USD,cdb404201976da67
t001750,2026-02-16,1200,3000,6789,USD,cdb404201976da67
t001751,2026-02-16,4471,3000,238499,USD,cdb404201976da67
t001752,2026-02-16,1200,3000,85482,USD,cdb404201976da67
t001753,2026-02-16,4000,1000,204862,USD,cdb404201976da67
t001754,2026-02-16,1000,1200,242008,USD,cdb404201976da67
t001755,2026-02-16,4000,1000,37635,USD,cdb404201976da67
t001756,2026-02-16,6000,1000,6235,USD,cdb404201976da67
t001757,2026-02-16,6000,1000,86469,USD,cdb404201976da67
t001758,2026-02-16,1000,3000,5836,USD,cdb404201976da67
t001759,2026-02-16,1000,4471,76850,USD,cdb404201976da67
t001760,2026-02-17,1000,3000,4489,USD,cdb404201976da67
t001761,2026-02-17,6000,1000,9858,USD,cdb404201976da67
t001762,2026-02-17,2000,1000,29160,USD,cdb404201976da67
t001763,2026-02-17,1200,3000,118058,USD,cdb404201976da67
t001764,2026-02-17,2000,1000,227025,USD,cdb404201976da67
t001765,2026-02-17,4000,1000,9637,USD,cdb404201976da67
t001766,2026-02-17,6000,1000,193965,USD,cdb404201976da67
t001767,2026-02-17,2000,1000,249022,USD,cdb404201976da67
t001768,2026-02-17,4471,3000,63637,USD,cdb404201976da67
t001769,2026-02-17,4000,2000,9169,USD,cdb404201976da67
t001770,2026-02-17,2000,1000,90671,USD,cdb404201976da67
t001771,2026-02-17,4000,2000,5730,USD,cdb404201976da67
t001772,2026-02-17,1000,3000,8756,USD,cdb404201976da67
t001773,2026-02-17,1000,1200,8302,USD,cdb404201976da67
t001774,2026-02-17,2000,1000,232097,USD,cdb404201976da67
t001775,2026-02-17,4471,3000,16752,USD,cdb404201976da67
t001776,2026-02-17,4000,1000,238108,USD,cdb404201976da67
t001777,2026-02-17,1200,3000,111351,USD,cdb404201976da67
t001778,2026-02-17,4471,3000,1333,USD,cdb404201976da67
t001779,2026-02-17,1200,3000,107951,USD,cdb404201976da67
t001780,2026-02-17,4471,3000,204156,USD,cdb404201976da67
t001781,2026-02-17,4000,1000,9673,USD,cdb404201976da67
t001782,2026-02-17,4000,1000,8474,USD,cdb404201976da67
t001783,2026-02-17,4000,1000,6725,USD,cdb404201976da67
t001784,2026-02-17,1000,4471,184342,USD,cdb404201976da67
t001785,2026-02-17,1000,3000,134409,USD,cdb404201976da67
t001786,2026-02-17,1000,3000,7197,USD,cdb404201976da67
t001787,2026-02-17,1000,1200,118644,USD,cdb404201976da67
t001788,2026-02-17,6000,1000,184285,USD,cdb404201976da67
t001789,2026-02-17,6000,1000,37847,USD,cdb404201976da67
t001790,2026-02-17,6000,1000,51717,USD,cdb404201976da67
t001791,2026-02-17,6000,1000,238305,USD,cdb404201976da67
t001792,2026-02-17,4471,3000,48277,USD,cdb404201976da67
t001793,2026-02-17,1000,3000,74418,USD,cdb404201976da67
t001794,2026-02-17,1000,3000,8382,USD,cdb404201976da67
t001795,2026-02-17,1000,3000,58456,USD,cdb404201976da67
t001796,2026-02-17,1000,3000,5838,USD,cdb404201976da67
t001797,2026-02-17,4000,1000,7542,USD,cdb404201976da67
t001798,2026-02-17,6000,1000,31945,USD,cdb404201976da67
t001799,2026-02-17,1200,3000,140182,USD,cdb404201976da67
t001800,2026-02-18,6000,1000,231376,USD,cdb404201976da67
t001801,2026-02-18,6000,1000,8421,USD,cdb404201976da67
t001802,2026-02-18,4000,2000,1471,USD,cdb404201976da67
t001803,2026-02-18,4000,2000,223431,USD,cdb404201976da67
t001804,2026-02-18,1000,1200,79418,USD,cdb404201976da67
t001805,2026-02-18,1000,3000,171636,USD,cdb404201976da67
t001806,2026-02-18,1000,1200,5476,USD,cdb404201976da67
t001807,2026-02-18,4000,1000,48000,USD,cdb404201976da67
t001808,2026-02-18,2000,1000,100234,USD,cdb404201976da67
t001809,2026-02-18,2000,1000,5443,USD,cdb404201976da67
t001810,2026-02-18,2000,1000,3293,USD,cdb404201976da67
t001811,2026-02-18,1000,3000,424,USD,cdb404201976da67
t001812,2026-02-18,1000,4471,147834,USD,cdb404201976da67
t001813,2026-02-18,4000,1000,243724,USD,cdb404201976da67
t001814,2026-02-18,4000,2000,96792,USD,cdb404201976da67
t001815,2026-02-18,6000,1000,4080,USD,cdb404201976da67
t001816,2026-02-18,1000,1200,185990,USD,cdb404201976da67
t001817,2026-02-18,2000,1000,38779,USD,cdb404201976da67
t001818,2026-02-18,4000,2000,217261,USD,cdb404201976da67
t001819,2026-02-18,1000,4471,110734,USD,cdb404201976da67
t001820,2026-02-18,1000,4471,4338,USD,cdb404201976da67
t001821,2026-02-18,6000,1000,219711,USD,cdb404201976da67
t001822,2026-02-18,4000,2000,139538,USD,cdb404201976da67
t001823,2026-02-18,4000,1000,162937,USD,cdb404201976da67
t001824,2026-02-18,4000,2000,90390,USD,cdb404201976da67
t001825,2026-02-18,4000,1000,5494,USD,cdb404201976da67
t001826,2026-02-18,1000,4471,5231,USD,cdb404201976da67
t001827,2026-02-18,1000,4471,36851,USD,cdb404201976da67
t001828,2026-02-18,4000,1000,6035,USD,cdb404201976da67
t001829,2026-02-18,6000,1000,187032,USD,cdb404201976da67
t001830,2026-02-18,4000,2000,6016,USD,cdb404201976da67
t001831,2026-02-18,1000,3000,8532,USD,cdb404201976da67
t001832,2026-02-18,1200,3000,71952,USD,cdb404201976da67
t001833,2026-02-18,4000,1000,36168,USD,cdb404201976da67
t001834,2026-02-18,2000,1000,8702,USD,cdb404201976da67
t001835,2026-02-18,4000,1000,65195,USD,cdb404201976da67
t001836,2026-02-18,2000,1000,6578,USD,cdb404201976da67
t001837,2026-02-18,1000,3000,60676,USD,cdb404201976da67
t001838,2026-02-18,1000,3000,1719,USD,cdb404201976da67
t001839,2026-02-18,4000,1000,8349,USD,cdb404201976da67
t001840,2026-02-19,4000,2000,222652,USD,cdb404201976da67
t001841,2026-02-19,2000,1000,5468,USD,cdb404201976da67
t001842,2026-02-19,1000,1200,5494,USD,cdb404201976da67
t001843,2026-02-19,4000,1000,1089,USD,cdb404201976da67
t001844,2026-02-19,4000,2000,25087,USD,cdb404201976da67
t001845,2026-02-19,2000,1000,181230,USD,cdb404201976da67
t001846,2026-02-19,1000,3000,129386,USD,cdb404201976da67
t001847,2026-02-19,4000,2000,150904,USD,cdb404201976da67
t001848,2026-02-19,2000,1000,72895,USD,cdb404201976da67
t001849,2026-02-19,2000,1000,7916,USD,cdb404201976da67
t001850,2026-02-19,1000,1200,163407,USD,cdb404201976da67
t001851,2026-02-19,4000,2000,236954,USD,cdb404201976da67
t001852,2026-02-19,4000,1000,15699,USD,cdb404201976da67
t001853,2026-02-19,1000,3000,173143,USD,cdb404201976da67
t001854,2026-02-19,1200,3000,225040,USD,cdb404201976da67
t001855,2026-02-19,4000,1000,6030,USD,cdb404201976da67
t001856,2026-02-19,1000,4471,9176,USD,cdb404201976da67
t001857,2026-02-19,4000,1000,193424,USD,cdb404201976da67
t001858,2026-02-19,6000,1000,240287,USD,cdb404201976da67
t001859,2026-02-19,1000,1200,38658,USD,cdb404201976da67
t001860,2026-02-19,2000,1000,16097,USD,cdb404201976da67
t001861,2026-02-19,1200,3000,87822,USD,cdb404201976da67
t001862,2026-02-19,4000,1000,108953,USD,cdb404201976da67
t001863,2026-02-19,6000,1000,45713,USD,cdb404201976da67
t001864,2026-02-19,1000,3000,74603,USD,cdb404201976da67
t001865,2026-02-19,2000,1000,8558,USD,cdb404201976da67
t001866,2026-02-19,1000,4471,9266,USD,cdb404201976da67
t001867,2026-02-19,6000,1000,3059,USD,cdb404201976da67
t001868,2026-02-19,2000,1000,143179,USD,cdb404201976da67
t001869,2026-02-19,1000,4471,19646,USD,cdb404201976da67
t001870,2026-02-19,6000,1000,131559,USD,cdb404201976da67
t001871,2026-02-19,4471,3000,9977,USD,cdb404201976da67
t001872,2026-02-19,1000,1200,106085,USD,cdb404201976da67
t001873,2026-02-19,4000,2000,56927,USD,cdb404201976da67
t001874,2026-02-19,4000,2000,55117,USD,cdb404201976da67
t001875,2026-02-19,4471,3000,5602,USD,cdb404201976da67
t001876,2026-02-19,2000,1000,8818,USD,cdb404201976da67
t001877,2026-02-19,1000,3000,6509,USD,cdb404201976da67
t001878,2026-02-19,1000,4471,5804,USD,cdb404201976da67
t001879,2026-02-19,1000,3000,119660,USD,cdb404201976da67
t001880,2026-02-20,4471,3000,172010,USD,cdb404201976da67
t001881,2026-02-20,1000,3000,235113,USD,cdb404201976da67
t001882,2026-02-20,2000,1000,9002,USD,cdb404201976da67
t001883,2026-02-20,1000,1200,16921,USD,cdb404201976da67
t001884,2026-02-20,4000,2000,9995,USD,cdb404201976da67
t001885,2026-02-20,1000,3000,3576,USD,cdb404201976da67
t001886,2026-02-20,2000,1000,8423,USD,cdb404201976da67
t001887,2026-02-20,1000,3000,9151,USD,cdb404201976da67
t001888,2026-02-20,4000,1000,130179,USD,cdb404201976da67
t001889,2026-02-20,2000,1000,93936,USD,cdb404201976da67
t001890,2026-02-20,4000,1000,109046,USD,cdb404201976da67
t001891,2026-02-20,4000,2000,139730,USD,cdb404201976da67
t001892,2026-02-20,4000,2000,236408,USD,cdb404201976da67
t001893,2026-02-20,4471,3000,14418,USD,cdb404201976da67
t001894,2026-02-20,1200,3000,6345,USD,cdb404201976da67
t001895,2026-02-20,6000,1000,8898,USD,cdb404201976da67
t001896,2026-02-20,2000,1000,22745,USD,cdb404201976da67
t001897,2026-02-20,4471,3000,87110,USD,cdb404201976da67
t001898,2026-02-20,4000,1000,197874,USD,cdb404201976da67
t001899,2026-02-20,1000,4471,46979,USD,cdb404201976da67
t001900,2026-02-20,1200,3000,82297,USD,cdb404201976da67
t001901,2026-02-20,1000,3000,99176,USD,cdb404201976da67
t001902,2026-02-20,1000,3000,5166,USD,cdb404201976da67
t001903,2026-02-20,1000,4471,178147,USD,cdb404201976da67
t001904,2026-02-20,6000,1000,232699,USD,cdb404201976da67
t001905,2026-02-20,1000,3000,1956,USD,cdb404201976da67
t001906,2026-02-20,2000,1000,180528,USD,cdb404201976da67
t001907,2026-02-20,1000,3000,203417,USD,cdb404201976da67
t001908,2026-02-20,1000,1200,15915,USD,cdb404201976da67
t001909,2026-02-20,1200,3000,350,USD,cdb404201976da67
t001910,2026-02-20,1000,4471,162196,USD,cdb404201976da67
t001911,2026-02-20,4000,2000,123381,USD,cdb404201976da67
t001912,2026-02-20,4000,1000,236181,USD,cdb404201976da67
t001913,2026-02-20,1000,1200,4401,USD,cdb404201976da67
t001914,2026-02-20,1000,3000,18033,USD,cdb404201976da67
t001915,2026-02-20,1000,1200,2487,USD,cdb404201976da67
t001916,2026-02-20,1000,1200,180760,USD,cdb404201976da67
t001917,2026-02-20,6000,1000,236201,USD,cdb404201976da67
t001918,2026-02-20,4471,3000,114313,USD,cdb404201976da67
t001919,2026-02-20,1000,4471,145529,USD,cdb404201976da67
t001920,2026-02-21,1000,3000,9568,USD,cdb404201976da67
t001921,2026-02-21,1000,4471,5462,USD,cdb404201976da67
t001922,2026-02-21,4000,2000,58153,USD,cdb404201976da67
t001923,2026-02-21,2000,1000,190107,USD,cdb404201976da67
t001924,2026-02-21,4000,1000,398,USD,cdb404201976da67
t001925,2026-02-21,1000,3000,5398,USD,cdb404201976da67
t001926,2026-02-21,4000,2000,49974,USD,cdb404201976da67
t001927,2026-02-21,1200,3000,44378,USD,cdb404201976da67
t001928,2026-02-21,2000,1000,5422,USD,cdb404201976da67
t001929,2026-02-21,4471,3000,6677,USD,cdb404201976da67
t001930,2026-02-21,4000,2000,9639,USD,cdb404201976da67
t001931,2026-02-21,1000,1200,7820,USD,cdb404201976da67
t001932,2026-02-21,2000,1000,91843,USD,cdb404201976da67
t001933,2026-02-21,4000,1000,203708,USD,cdb404201976da67
t001934,2026-02-21,1000,1200,177177,USD,cdb404201976da67
t001935,2026-02-21,1000,4471,6668,USD,cdb404201976da67
t001936,2026-02-21,6000,1000,8856,USD,cdb404201976da67
t001937,2026-02-21,1000,3000,69473,USD,cdb404201976da67
t001938,2026-02-21,1200,3000,7664,USD,cdb404201976da67
t001939,2026-02-21,4000,2000,53895,USD,cdb404201976da67
t001940,2026-02-21,2000,1000,7589,USD,cdb404201976da67
t001941,2026-02-21,6000,1000,26445,USD,cdb404201976da67
t001942,2026-02-21,4000,1000,9194,USD,cdb404201976da67
t001943,2026-02-21,2000,1000,548,USD,cdb404201976da67
t001944,2026-02-21,6000,1000,74292,USD,cdb404201976da67
t001945,2026-02-21,2000,1000,144904,USD,cdb404201976da67
t001946,2026-02-21,4000,1000,232090,USD,cdb404201976da67
t001947,2026-02-21,1000,3000,8825,USD,cdb404201976da67
t001948,2026-02-21,1200,3000,225969,USD,cdb404201976da67
t001949,2026-02-21,2000,1000,181788,USD,cdb404201976da67
t001950,2026-02-21,1000,1200,35345,USD,cdb404201976da67
t001951,2026-02-21,1200,3000,137524,USD,cdb404201976da67
t001952,2026-02-21,2000,1000,232357,USD,cdb404201976da67
t001953,2026-02-21,6000,1000,6849,USD,cdb404201976da67
t001954,2026-02-21,2000,1000,196314,USD,cdb404201976da67
t001955,2026-02-21,1000,1200,5141,USD,cdb404201976da67
t001956,2026-02-21,6000,1000,179625,USD,cdb404201976da67
t001957,2026-02-21,1000,4471,3471,USD,cdb404201976da67
t001958,2026-02-21,4000,2000,21883,USD,cdb404201976da67
t001959,2026-02-21,4000,2000,2375,USD,cdb404201976da67
t001960,2026-02-22,1000,3000,104861,USD,cdb404201976da67
t001961,2026-02-22,2000,1000,4420,USD,cdb404201976da67
t001962,2026-02-22,2000,1000,58001,USD,cdb404201976da67
t001963,2026-02-22,1200,3000,24893,USD,cdb404201976da67
t001964,2026-02-22,2000,1000,141575,USD,cdb404201976da67
t001965,2026-02-22,1000,3000,222488,USD,cdb404201976da67
t001966,2026-02-22,1000,1200,3199,USD,cdb404201976da67
t001967,2026-02-22,4000,2000,6807,USD,cdb404201976da67
t001968,2026-02-22,1000,1200,5824,USD,cdb404201976da67
t001969,2026-02-22,1000,3000,187881,USD,cdb404201976da67
t001970,2026-02-22,2000,1000,84289,USD,cdb404201976da67
t001971,2026-02-22,4000,1000,56781,USD,cdb404201976da67
t001972,2026-02-22,1200,3000,60022,USD,cdb404201976da67
t001973,2026-02-22,2000,1000,776,USD,cdb404201976da67
t001974,2026-02-22,4000,2000,8245,USD,cdb404201976da67
t001975,2026-02-22,1000,3000,11897,USD,cdb404201976da67
t001976,2026-02-22,1200,3000,229906,USD,cdb404201976da67
t001977,2026-02-22,4000,2000,89013,USD,cdb404201976da67
t001978,2026-02-22,4000,2000,99427,USD,cdb404201976da67
t001979,2026-02-22,1000,3000,120264,USD,cdb404201976da67
t001980,2026-02-22,2000,1000,244106,USD,cdb404201976da67
t001981,2026-02-22,1000,4471,147936,USD,cdb404201976da67
t001982,2026-02-22,6000,1000,146625,USD,cdb404201976da67
t001983,2026-02-22,1200,3000,115978,USD,cdb404201976da67
t001984,2026-02-22,1000,3000,94024,USD,cdb404201976da67
t001985,2026-02-22,4000,2000,3020,USD,cdb404201976da67
t001986,2026-02-22,2000,1000,76784,USD,cdb404201976da67
t001987,2026-02-22,1000,1200,6570,USD,cdb404201976da67
t001988,2026-02-22,1200,3000,2675,USD,cdb404201976da67
t001989,2026-02-22,1200,3000,6404,USD,cdb404201976da67
t001990,2026-02-22,4471,3000,8418,USD,cdb404201976da67
t001991,2026-02-22,2000,1000,50711,USD,cdb404201976da67
t001992,2026-02-22,1200,3000,68712,USD,cdb404201976da67
t001993,2026-02-22,1200,3000,30695,USD,cdb404201976da67
t001994,2026-02-22,4000,1000,15460,USD,cdb404201976da67
t001995,2026-02-22,1000,3000,112888,USD,cdb404201976da67
t001996,2026-02-22,1000,3000,4000,USD,cdb404201976da67
t001997,2026-02-22,1000,3000,161261,USD,cdb404201976da67
t001998,2026-02-22,6000,1000,4529,USD,cdb404201976da67
t001999,2026-02-22,4000,2000,12251,USD,cdb404201976da67
t002000,2026-02-23,1200,3000,9752,USD,cdb404201976da67
t002001,2026-02-23,2000,1000,9103,USD,cdb404201976da67
t002002,2026-02-23,1200,3000,77928,USD,cdb404201976da67
t002003,2026-02-23,2000,1000,81998,USD,cdb404201976da67
t002004,2026-02-23,6000,1000,239663,USD,cdb404201976da67
t002005,2026-02-23,1200,3000,9638,USD,cdb404201976da67
t002006,2026-02-23,2000,1000,6684,USD,cdb404201976da67
t002007,2026-02-23,6000,1000,209038,USD,cdb404201976da67
t002008,2026-02-23,1200,3000,128921,USD,cdb404201976da67
t002009,2026-02-23,6000,1000,196062,USD,cdb404201976da67
t002010,2026-02-23,1000,1200,4096,USD,cdb404201976da67
t002011,2026-02-23,2000,1000,5348,USD,cdb404201976da67
t002012,2026-02-23,4000,1000,6376,USD,cdb404201976da67
t002013,2026-02-23,1200,3000,94624,USD,cdb404201976da67
t002014,2026-02-23,1200,3000,85451,USD,cdb404201976da67
t002015,2026-02-23,4000,1000,7477,USD,cdb404201976da67
t002016,2026-02-23,2000,1000,40901,USD,cdb404201976da67
t002017,2026-02-23,1000,1200,2828,USD,cdb404201976da67
t002018,2026-02-23,1200,3000,248511,USD,cdb404201976da67
t002019,2026-02-23,2000,1000,46020,USD,cdb404201976da67
t002020,2026-02-23,1000,4471,204043,USD,cdb404201976da67
t002021,2026-02-23,1200,3000,95791,USD,cdb404201976da67
t002022,2026-02-23,6000,1000,163244,USD,cdb404201976da67
t002023,2026-02-23,4000,1000,7165,USD,cdb404201976da67
t002024,2026-02-23,1000,1200,8050,USD,cdb404201976da67
t002025,2026-02-23,2000,1000,38254,USD,cdb404201976da67
t002026,2026-02-23,2000,1000,10948,USD,cdb404201976da67
t002027,2026-02-23,1000,3000,3021,USD,cdb404201976da67
t002028,2026-02-23,1000,1200,78921,USD,cdb404201976da67
t002029,2026-02-23,4000,2000,190342,USD,cdb404201976da67
t002030,2026-02-23,1000,4471,8599,USD,cdb404201976da67
t002031,2026-02-23,1000,3000,8570,USD,cdb404201976da67
t002032,2026-02-23,2000,1000,60962,USD,cdb404201976da67
t002033,2026-02-23,1000,3000,160581,USD,cdb404201976da67
t002034,2026-02-23,4000,2000,138580,USD,cdb404201976da67
t002035,2026-02-23,4000,2000,36693,USD,cdb404201976da67
t002036,2026-02-23,4000,2000,70049,USD,cdb404201976da67
t002037,2026-02-23,4000,1000,4942,USD,cdb404201976da67
t002038,2026-02-23,1000,3000,203000,USD,cdb404201976da67
t002039,2026-02-23,4000,2000,70844,USD,cdb404201976da67
t002040,2026-02-24,1000,3000,165354,USD,cdb404201976da67
t002041,2026-02-24,4000,2000,78323,USD,cdb404201976da67
t002042,2026-02-24,6000,1000,13588,USD,cdb404201976da67
t002043,2026-02-24,1000,4471,5127,USD,cdb404201976da67
t002044,2026-02-24,2000,1000,5240,USD,cdb404201976da67
t002045,2026-02-24,1000,1200,8627,USD,cdb404201976da67
t002046,2026-02-24,1200,3000,39348,USD,cdb404201976da67
t002047,2026-02-24,6000,1000,21977,USD,cdb404201976da67
t002048,2026-02-24,4000,1000,5908,USD,cdb404201976da67
t002049,2026-02-24,4000,1000,8109,USD,cdb404201976da67
t002050,2026-02-24,4000,2000,6792,USD,cdb404201976da67
t002051,2026-02-24,6000,1000,67899,USD,cdb404201976da67
t002052,2026-02-24,4000,2000,2028,USD,cdb404201976da67
t002053,2026-02-24,4000,1000,3772,USD,cdb404201976da67
t002054,2026-02-24,4471,3000,98476,USD,cdb404201976da67
t002055,2026-02-24,1000,3000,77870,USD,cdb404201976da67
t002056,2026-02-24,1200,3000,204411,USD,cdb404201976da67
t002057,2026-02-24,4000,1000,117541,USD,cdb404201976da67
t002058,2026-02-24,1000,1200,127954,USD,cdb404201976da67
t002059,2026-02-24,1000,1200,2992,USD,cdb404201976da67
t002060,2026-02-24,6000,1000,194381,USD,cdb404201976da67
t002061,2026-02-24,1000,1200,107621,USD,cdb404201976da67
t002062,2026-02-24,1000,3000,3148,USD,cdb404201976da67
t002063,2026-02-24,6000,1000,127234,USD,cdb404201976da67
t002064,2026-02-24,1000,1200,38619,USD,cdb404201976da67
t002065,2026-02-24,1000,4471,217390,USD,cdb404201976da67
t002066,2026-02-24,1200,3000,234825,USD,cdb404201976da67
t002067,2026-02-24,6000,1000,218518,USD,cdb404201976da67
t002068,2026-02-24,6000,1000,634,USD,cdb404201976da67
t002069,2026-02-24,4000,2000,153728,USD,cdb404201976da67
t002070,2026-02-24,1200,3000,86606,USD,cdb404201976da67
t002071,2026-02-24,1200,3000,234186,USD,cdb404201976da67
t002072,2026-02-24,1000,1200,2526,USD,cdb404201976da67
t002073,2026-02-24,1000,4471,7542,USD,cdb404201976da67
t002074,2026-02-24,4000,2000,138118,USD,cdb404201976da67
t002075,2026-02-24,4000,2000,157961,USD,cdb404201976da67
t002076,2026-02-24,1200,3000,108852,USD,cdb404201976da67
t002077,2026-02-24,2000,1000,236284,USD,cdb404201976da67
t002078,2026-02-24,1000,1200,93626,USD,cdb404201976da67
t002079,2026-02-24,1000,1200,4279,USD,cdb404201976da67
t002080,2026-02-25,4471,3000,49796,USD,cdb404201976da67
t002081,2026-02-25,1000,1200,30356,USD,cdb404201976da67
t002082,2026-02-25,1200,3000,7088,USD,cdb404201976da67
t002083,2026-02-25,6000,1000,8378,USD,cdb404201976da67
t002084,2026-02-25,6000,1000,6835,USD,cdb404201976da67
t002085,2026-02-25,4000,2000,28686,USD,cdb404201976da67
t002086,2026-02-25,1000,1200,97784,USD,cdb404201976da67
t002087,2026-02-25,1200,3000,4327,USD,cdb404201976da67
t002088,2026-02-25,1000,1200,97723,USD,cdb404201976da67
t002089,2026-02-25,6000,1000,144981,USD,cdb404201976da67
t002090,2026-02-25,1000,1200,157355,USD,cdb404201976da67
t002091,2026-02-25,1000,1200,935,USD,cdb404201976da67
t002092,2026-02-25,1000,3000,500,USD,cdb404201976da67
t002093,2026-02-25,1200,3000,125594,USD,cdb404201976da67
t002094,2026-02-25,1000,1200,139717,USD,cdb404201976da67
t002095,2026-02-25,1000,4471,182266,USD,cdb404201976da67
t002096,2026-02-25,2000,1000,115541,USD,cdb404201976da67
t002097,2026-02-25,4000,1000,8599,USD,cdb404201976da67
t002098,2026-02-25,1000,3000,84875,USD,cdb404201976da67
t002099,2026-02-25,2000,1000,174303,USD,cdb404201976da67
t002100,2026-02-25,2000,1000,166116,USD,cdb404201976da67
t002101,2026-02-25,2000,1000,7679,USD,cdb404201976da67
t002102,2026-02-25,4000,2000,155178,USD,cdb404201976da67
t002103,2026-02-25,1000,3000,139642,USD,cdb404201976da67
t002104,2026-02-25,4000,2000,129600,USD,cdb404201976da67
t002105,2026-02-25,4000,2000,214481,USD,cdb404201976da67
t002106,2026-02-25,1000,3000,4088,USD,cdb404201976da67
t002107,2026-02-25,6000,1000,36637,USD,cdb404201976da67
t002108,2026-02-25,1000,4471,233522,USD,cdb404201976da67
t002109,2026-02-25,1000,1200,3196,USD,cdb404201976da67
t002110,2026-02-25,1000,1200,1573,USD,cdb404201976da67
t002111,2026-02-25,1000,4471,854,USD,cdb404201976da67
t002112,2026-02-25,4000,1000,735,USD,cdb404201976da67
t002113,2026-02-25,4000,2000,70800,USD,cdb404201976da67
t002114,2026-02-25,4000,1000,204086,USD,cdb404201976da67
t002115,2026-02-25,4000,1000,19796,USD,cdb404201976da67
t002116,2026-02-25,1000,3000,7342,USD,cdb404201976da67
t002117,2026-02-25,1000,1200,115099,USD,cdb404201976da67
t002118,2026-02-25,4000,2000,203838,USD,cdb404201976da67
t002119,2026-02-25,4000,2000,8519,USD,cdb404201976da67
t002120,2026-02-26,1000,3000,216248,USD,cdb404201976da67
t002121,2026-02-26,6000,1000,5163,USD,cdb404201976da67
t002122,2026-02-26,1200,3000,116663,USD,cdb404201976da67
t002123,2026-02-26,1000,1200,6723,USD,cdb404201976da67
t002124,2026-02-26,4471,3000,2727,USD,cdb404201976da67
t002125,2026-02-26,6000,1000,90863,USD,cdb404201976da67
t002126,2026-02-26,4471,3000,23732,USD,cdb404201976da67
t002127,2026-02-26,4000,1000,227519,USD,cdb404201976da67
t002128,2026-02-26,2000,1000,7313,USD,cdb404201976da67
t002129,2026-02-26,2000,1000,143115,USD,cdb404201976da67
t002130,2026-02-26,2000,1000,231431,USD,cdb404201976da67
t002131,2026-02-26,4000,1000,245523,USD,cdb404201976da67
t002132,2026-02-26,1000,1200,5496,USD,cdb404201976da67
t002133,2026-02-26,2000,1000,221678,USD,cdb404201976da67
t002134,2026-02-26,1200,3000,118212,USD,cdb404201976da67
t002135,2026-02-26,1000,1200,834,USD,cdb404201976da67
t002136,2026-02-26,1000,1200,299,USD,cdb404201976da67
t002137,2026-02-26,1000,1200,159957,USD,cdb404201976da67
t002138,2026-02-26,2000,1000,3201,USD,cdb404201976da67
t002139,2026-02-26,4000,1000,2958,USD,cdb404201976da67
t002140,2026-02-26,4000,1000,2422,USD,cdb404201976da67
t002141,2026-02-26,6000,1000,53420,USD,cdb404201976da67
t002142,2026-02-26,1200,3000,39343,USD,cdb404201976da67
t002143,2026-02-26,1000,3000,5420,USD,cdb404201976da67
t002144,2026-02-26,1000,3000,217997,USD,cdb404201976da67
t002145,2026-02-26,1200,3000,55843,USD,cdb404201976da67
t002146,2026-02-26,1000,1200,9241,USD,cdb404201976da67
t002147,2026-02-26,1200,3000,6847,USD,cdb404201976da67
t002148,2026-02-26,1200,3000,85007,USD,cdb404201976da67
t002149,2026-02-26,1000,1200,8804,USD,cdb404201976da67
t002150,2026-02-26,1000,3000,2515,USD,cdb404201976da67
t002151,2026-02-26,6000,1000,194963,USD,cdb404201976da67
t002152,2026-02-26,4000,1000,77690,USD,cdb404201976da67
t002153,2026-02-26,4000,1000,124281,USD,cdb404201976da67
t002154,2026-02-26,4471,3000,175262,USD,cdb404201976da67
t002155,2026-02-26,1000,3000,42374,USD,cdb404201976da67
t002156,2026-02-26,4471,3000,2927,USD,cdb404201976da67
t002157,2026-02-26,4000,2000,47985,USD,cdb404201976da67
t002158,2026-02-26,4000,2000,9248,USD,cdb404201976da67
t002159,2026-02-26,1200,3000,174371,USD,cdb404201976da67
t002160,2026-02-27,6000,1000,9082,USD,cdb404201976da67
t002161,2026-02-27,1000,3000,191489,USD,cdb404201976da67
t002162,2026-02-27,6000,1000,115731,USD,cdb404201976da67
t002163,2026-02-27,1200,3000,2021,USD,cdb404201976da67
t002164,2026-02-27,1000,1200,156593,USD,cdb404201976da67
t002165,2026-02-27,1200,3000,85158,USD,cdb404201976da67
t002166,2026-02-27,2000,1000,71535,USD,cdb404201976da67
t002167,2026-02-27,1000,3000,109485,USD,cdb404201976da67
t002168,2026-02-27,6000,1000,127157,USD,cdb404201976da67
t002169,2026-02-27,1000,1200,5982,USD,cdb404201976da67
t002170,2026-02-27,4000,2000,246311,USD,cdb404201976da67
t002171,2026-02-27,1000,1200,1650,USD,cdb404201976da67
t002172,2026-02-27,2000,1000,87463,USD,cdb404201976da67
t002173,2026-02-27,1200,3000,138148,USD,cdb404201976da67
t002174,2026-02-27,2000,1000,38105,USD,cdb404201976da67
t002175,2026-02-27,2000,1000,157171,USD,cdb404201976da67
t002176,2026-02-27,6000,1000,88353,USD,cdb404201976da67
t002177,2026-02-27,6000,1000,133871,USD,cdb404201976da67
t002178,2026-02-27,1000,3000,147827,USD,cdb404201976da67
t002179,2026-02-27,6000,1000,14475,USD,cdb404201976da67
t002180,2026-02-27,4471,3000,1331,USD,cdb404201976da67
t002181,2026-02-27,4471,3000,69031,USD,cdb404201976da67
t002182,2026-02-27,2000,1000,8209,USD,cdb404201976da67
t002183,2026-02-27,4000,2000,5240,USD,cdb404201976da67
t002184,2026-02-27,1000,1200,164189,USD,cdb404201976da67
t002185,2026-02-27,1000,1200,59075,USD,cdb404201976da67
t002186,2026-02-27,4000,2000,3699,USD,cdb404201976da67
t002187,2026-02-27,4000,1000,70014,USD,cdb404201976da67
t002188,2026-02-27,1000,1200,9881,USD,cdb404201976da67
t002189,2026-02-27,1200,3000,52070,USD,cdb404201976da67
t002190,2026-02-27,6000,1000,187243,USD,cdb404201976da67
t002191,2026-02-27,4000,2000,6511,USD,cdb404201976da67
t002192,2026-02-27,1000,1200,119890,USD,cdb404201976da67
t002193,2026-02-27,4000,2000,190358,USD,cdb404201976da67
t002194,2026-02-27,6000,1000,48467,USD,cdb404201976da67
t002195,2026-02-27,2000,1000,1681,USD,cdb404201976da67
t002196,2026-02-27,1000,4471,82592,USD,cdb404201976da67
t002197,2026-02-27,4471,3000,50329,USD,cdb404201976da67
t002198,2026-02-27,1000,4471,218310,USD,cdb404201976da67
t002199,2026-02-27,4000,1000,74804,USD,cdb404201976da67
t002200,2026-02-28,1200,3000,175903,USD,cdb404201976da67
t002201,2026-02-28,2000,1000,176611,USD,cdb404201976da67
t002202,2026-02-28,1000,1200,242290,USD,cdb404201976da67
t002203,2026-02-28,4000,2000,7140,USD,cdb404201976da67
t002204,2026-02-28,4000,2000,8751,USD,cdb404201976da67
t002205,2026-02-28,4471,3000,70759,USD,cdb404201976da67
t002206,2026-02-28,4000,2000,2796,USD,cdb404201976da67
t002207,2026-02-28,4000,1000,238969,USD,cdb404201976da67
t002208,2026-02-28,4000,2000,2468,USD,cdb404201976da67
t002209,2026-02-28,1200,3000,110247,USD,cdb404201976da67
t002210,2026-02-28,6000,1000,9015,USD,cdb404201976da67
t002211,2026-02-28,1000,4471,138507,USD,cdb404201976da67
t002212,2026-02-28,1000,1200,115595,USD,cdb404201976da67
t002213,2026-02-28,6000,1000,6546,USD,cdb404201976da67
t002214,2026-02-28,4000,1000,92030,USD,cdb404201976da67
t002215,2026-02-28,1000,1200,218010,USD,cdb404201976da67
t002216,2026-02-28,4471,3000,168049,USD,cdb404201976da67
t002217,2026-02-28,4000,1000,6739,USD,cdb404201976da67
t002218,2026-02-28,2000,1000,216823,USD,cdb404201976da67
t002219,2026-02-28,4000,1000,205779,USD,cdb404201976da67
t002220,2026-02-28,1000,1200,121062,USD,cdb404201976da67
t002221,2026-02-28,4000,2000,27644,USD,cdb404201976da67
t002222,2026-02-28,6000,1000,241933,USD,cdb404201976da67
t002223,2026-02-28,1000,1200,7225,USD,cdb404201976da67
t002224,2026-02-28,6000,1000,1722,USD,cdb404201976da67
t002225,2026-02-28,1200,3000,63498,USD,cdb404201976da67
t002226,2026-02-28,1200,3000,166003,USD,cdb404201976da67
t002227,2026-02-28,1000,4471,154360,USD,cdb404201976da67
t002228,2026-02-28,1000,4471,7950,USD,cdb404201976da67
t002229,2026-02-28,4000,1000,960,USD,cdb404201976da67
t002230,2026-02-28,2000,1000,138990,USD,cdb404201976da67
t002231,2026-02-28,4000,2000,4540,USD,cdb404201976da67
t002232,2026-02-28,6000,1000,230368,USD,cdb404201976da67
t002233,2026-02-28,1000,1200,55066,USD,cdb404201976da67
t002234,2026-02-28,1200,3000,109955,USD,cdb404201976da67
t002235,2026-02-28,4000,1000,247415,USD,cdb404201976da67
t002236,2026-02-28,6000,1000,3864,USD,cdb404201976da67
t002237,2026-02-28,4000,2000,423,USD,cdb404201976da67
t002238,2026-02-28,2000,1000,316,USD,cdb404201976da67
t002239,2026-02-28,1200,3000,166359,USD,cdb404201976da67
t002240,2026-03-01,2000,1000,2786,USD,cdb404201976da67
t002241,2026-03-01,1000,3000,133353,USD,cdb404201976da67
t002242,2026-03-01,4471,3000,129639,USD,cdb404201976da67
t002243,2026-03-01,2000,1000,59888,USD,cdb404201976da67
t002244,2026-03-01,1000,1200,30388,USD,cdb404201976da67
t002245,2026-03-01,4000,1000,161838,USD,cdb404201976da67
t002246,2026-03-01,1000,4471,136321,USD,cdb404201976da67
t002247,2026-03-01,2000,1000,19812,USD,cdb404201976da67
t002248,2026-03-01,2000,1000,2559,USD,cdb404201976da67
t002249,2026-03-01,6000,1000,111813,USD,cdb404201976da67
t002250,2026-03-01,4000,1000,138209,USD,cdb404201976da67
t002251,2026-03-01,1000,1200,4602,USD,cdb404201976da67
t002252,2026-03-01,4000,1000,7227,USD,cdb404201976da67
t002253,2026-03-01,6000,1000,5518,USD,cdb404201976da67
t002254,2026-03-01,6000,1000,30969,USD,cdb404201976da67
t002255,2026-03-01,1200,3000,9338,USD,cdb404201976da67
t002256,2026-03-01,1000,4471,145898,USD,cdb404201976da67
t002257,2026-03-01,2000,1000,2656,USD,cdb404201976da67
t002258,2026-03-01,2000,1000,62675,USD,cdb404201976da67
t002259,2026-03-01,2000,1000,227333,USD,cdb404201976da67
t002260,2026-03-01,1200,3000,115143,USD,cdb404201976da67
t002261,2026-03-01,2000,1000,7345,USD,cdb404201976da67
t002262,2026-03-01,4000,2000,133305,USD,cdb404201976da67
t002263,2026-03-01,1200,3000,74292,USD,cdb404201976da67
t002264,2026-03-01,1200,3000,240749,USD,cdb404201976da67
t002265,2026-03-01,6000,1000,8681,USD,cdb404201976da67
t002266,2026-03-01,2000,1000,62892,USD,cdb404201976da67
t002267,2026-03-01,1000,1200,7387,USD,cdb404201976da67
t002268,2026-03-01,1000,4471,135489,USD,cdb404201976da67
t002269,2026-03-01,2000,1000,1985,USD,cdb404201976da67
t002270,2026-03-01,6000,1000,6662,USD,cdb404201976da67
t002271,2026-03-01,4000,1000,239394,USD,cdb404201976da67
t002272,2026-03-01,1200,3000,245706,USD,cdb404201976da67
t002273,2026-03-01,4000,1000,6443,USD,cdb404201976da67
t002274,2026-03-01,1000,3000,159635,USD,cdb404201976da67
t002275,2026-03-01,1000,3000,112570,USD,cdb404201976da67
t002276,2026-03-01,4000,2000,5302,USD,cdb404201976da67
t002277,2026-03-01,2000,1000,6615,USD,cdb404201976da67
t002278,2026-03-01,4000,1000,6056,USD,cdb404201976da67
t002279,2026-03-01,4000,2000,3459,USD,cdb404201976da67
t002280,2026-03-02,1000,1200,112792,USD,cdb404201976da67
t002281,2026-03-02,1200,3000,9629,USD,cdb404201976da67
t002282,2026-03-02,1200,3000,74105,USD,cdb404201976da67
t002283,2026-03-02,1000,4471,4690,USD,cdb404201976da67
t002284,2026-03-02,1000,3000,14275,USD,cdb404201976da67
t002285,2026-03-02,4471,3000,177877,USD,cdb404201976da67
t002286,2026-03-02,4471,3000,46433,USD,cdb404201976da67
t002287,2026-03-02,1000,1200,160905,USD,cdb404201976da67
t002288,2026-03-02,1000,4471,32125,USD,cdb404201976da67
t002289,2026-03-02,1000,1200,236670,USD,cdb404201976da67
t002290,2026-03-02,2000,1000,9355,USD,cdb404201976da67
t002291,2026-03-02,1000,3000,16025,USD,cdb404201976da67
t002292,2026-03-02,4000,2000,115882,USD,cdb404201976da67
t002293,2026-03-02,1200,3000,114709,USD,cdb404201976da67
t002294,2026-03-02,4000,2000,6678,USD,cdb404201976da67
t002295,2026-03-02,6000,1000,111680,USD,cdb404201976da67
t002296,2026-03-02,4000,1000,7488,USD,cdb404201976da67
t002297,2026-03-02,4000,2000,95169,USD,cdb404201976da67
t002298,2026-03-02,4000,2000,44463,USD,cdb404201976da67
t002299,2026-03-02,2000,1000,44655,USD,cdb404201976da67
t002300,2026-03-02,1200,3000,67103,USD,cdb404201976da67
t002301,2026-03-02,1000,1200,80947,USD,cdb404201976da67
t002302,2026-03-02,4471,3000,9010,USD,cdb404201976da67
t002303,2026-03-02,1000,1200,245308,USD,cdb404201976da67
t002304,2026-03-02,2000,1000,159632,USD,cdb404201976da67
t002305,2026-03-02,4471,3000,140698,USD,cdb404201976da67
t002306,2026-03-02,1000,3000,13655,USD,cdb404201976da67
t002307,2026-03-02,4000,2000,104245,USD,cdb404201976da67
t002308,2026-03-02,4000,2000,199794,USD,cdb404201976da67
t002309,2026-03-02,1000,3000,6745,USD,cdb404201976da67
t002310,2026-03-02,1000,1200,6604,USD,cdb404201976da67
t002311,2026-03-02,1000,1200,168676,USD,cdb404201976da67
t002312,2026-03-02,6000,1000,138186,USD,cdb404201976da67
t002313,2026-03-02,6000,1000,31172,USD,cdb404201976da67
t002314,2026-03-02,4000,1000,79386,USD,cdb404201976da67
t002315,2026-03-02,4471,3000,7252,USD,cdb404201976da67
t002316,2026-03-02,4000,2000,137362,USD,cdb404201976da67
t002317,2026-03-02,4000,1000,2933,USD,cdb404201976da67
t002318,2026-03-02,1000,3000,61192,USD,cdb404201976da67
t002319,2026-03-02,1000,3000,52610,USD,cdb404201976da67
t002320,2026-03-03,4000,1000,237710,USD,cdb404201976da67
t002321,2026-03-03,1200,3000,175254,USD,cdb404201976da67
t002322,2026-03-03,2000,1000,213196,USD,cdb404201976da67
t002323,2026-03-03,1000,1200,220011,USD,cdb404201976da67
t002324,2026-03-03,1000,3000,9474,USD,cdb404201976da67
t002325,2026-03-03,1000,1200,179087,USD,cdb404201976da67
t002326,2026-03-03,1000,1200,8776,USD,cdb404201976da67
t002327,2026-03-03,2000,1000,7303,USD,cdb404201976da67
t002328,2026-03-03,2000,1000,9395,USD,cdb404201976da67
t002329,2026-03-03,2000,1000,239452,USD,cdb404201976da67
t002330,2026-03-03,6000,1000,153729,USD,cdb404201976da67
t002331,2026-03-03,4000,2000,1182,USD,cdb404201976da67
t002332,2026-03-03,4000,2000,138942,USD,cdb404201976da67
t002333,2026-03-03,4000,1000,4158,USD,cdb404201976da67
t002334,2026-03-03,1000,1200,80180,USD,cdb404201976da67
t002335,2026-03-03,1000,1200,9098,USD,cdb404201976da67
t002336,2026-03-03,2000,1000,28790,USD,cdb404201976da67
t002337,2026-03-03,4000,2000,192205,USD,cdb404201976da67
t002338,2026-03-03,2000,1000,7234,USD,cdb404201976da67
t002339,2026-03-03,6000,1000,151959,USD,cdb404201976da67
t002340,2026-03-03,4471,3000,95093,USD,cdb404201976da67
t002341,2026-03-03,4471,3000,209263,USD,cdb404201976da67
t002342,2026-03-03,4000,1000,144987,USD,cdb404201976da67
t002343,2026-03-03,2000,1000,3821,USD,cdb404201976da67
t002344,2026-03-03,1000,3000,169626,USD,cdb404201976da67
t002345,2026-03-03,4000,2000,237892,USD,cdb404201976da67
t002346,2026-03-03,1000,3000,5699,USD,cdb404201976da67
t002347,2026-03-03,6000,1000,101318,USD,cdb404201976da67
t002348,2026-03-03,1000,3000,53003,USD,cdb404201976da67
t002349,2026-03-03,4471,3000,47402,USD,cdb404201976da67
t002350,2026-03-03,1000,4471,249349,USD,cdb404201976da67
t002351,2026-03-03,4000,1000,209851,USD,cdb404201976da67
t002352,2026-03-03,1000,4471,8895,USD,cdb404201976da67
t002353,2026-03-03,1000,1200,4218,USD,cdb404201976da67
t002354,2026-03-03,6000,1000,9017,USD,cdb404201976da67
t002355,2026-03-03,4000,2000,78207,USD,cdb404201976da67
t002356,2026-03-03,4000,2000,83284,USD,cdb404201976da67
t002357,2026-03-03,6000,1000,214575,USD,cdb404201976da67
t002358,2026-03-03,1000,3000,7791,USD,cdb404201976da67
t002359,2026-03-03,4000,2000,163994,USD,cdb404201976da67
t002360,2026-03-04,2000,1000,795,USD,cdb404201976da67
t002361,2026-03-04,4000,2000,137244,USD,cdb404201976da67
t002362,2026-03-04,6000,1000,26661,USD,cdb404201976da67
t002363,2026-03-04,1000,1200,2102,USD,cdb404201976da67
t002364,2026-03-04,4000,2000,110663,USD,cdb404201976da67
t002365,2026-03-04,1000,3000,229695,USD,cdb404201976da67
t002366,2026-03-04,4000,1000,142871,USD,cdb404201976da67
t002367,2026-03-04,1200,3000,181736,USD,cdb404201976da67
t002368,2026-03-04,2000,1000,8994,USD,cdb404201976da67
t002369,2026-03-04,2000,1000,94715,USD,cdb404201976da67
t002370,2026-03-04,4000,2000,163429,USD,cdb404201976da67
t002371,2026-03-04,1000,3000,7896,USD,cdb404201976da67
t002372,2026-03-04,1000,1200,118402,USD,cdb404201976da67
t002373,2026-03-04,1000,4471,107487,USD,cdb404201976da67
t002374,2026-03-04,1000,1200,236286,USD,cdb404201976da67
t002375,2026-03-04,1000,1200,142837,USD,cdb404201976da67
t002376,2026-03-04,6000,1000,18784,USD,cdb404201976da67
t002377,2026-03-04,4000,2000,3816,USD,cdb404201976da67
t002378,2026-03-04,6000,1000,99024,USD,cdb404201976da67
t002379,2026-03-04,1000,1200,19943,USD,cdb404201976da67
t002380,2026-03-04,1200,3000,59405,USD,cdb404201976da67
t002381,2026-03-04,6000,1000,80139,USD,cdb404201976da67
t002382,2026-03-04,6000,1000,1835,USD,cdb404201976da67
t002383,2026-03-04,1000,1200,93063,USD,cdb404201976da67
t002384,2026-03-04,1000,3000,134253,USD,cdb404201976da67
t002385,2026-03-04,1200,3000,223593,USD,cdb404201976da67
t002386,2026-03-04,2000,1000,6789,USD,cdb404201976da67
t002387,2026-03-04,4000,1000,9638,USD,cdb404201976da67
t002388,2026-03-04,1000,1200,7466,USD,cdb404201976da67
t002389,2026-03-04,4000,2000,128117,USD,cdb404201976da67
t002390,2026-03-04,4471,3000,91865,USD,cdb404201976da67
t002391,2026-03-04,6000,1000,22174,USD,cdb404201976da67
t002392,2026-03-04,1200,3000,8208,USD,cdb404201976da67
t002393,2026-03-04,1000,3000,238487,USD,cdb404201976da67
t002394,2026-03-04,1000,4471,165933,USD,cdb404201976da67
t002395,2026-03-04,1000,4471,28671,USD,cdb404201976da67
t002396,2026-03-04,1000,3000,4905,USD,cdb404201976da67
t002397,2026-03-04,6000,1000,103754,USD,cdb404201976da67
t002398,2026-03-04,1000,3000,6467,USD,cdb404201976da67
t002399,2026-03-04,1200,3000,157652,USD,cdb404201976da67
t002400,2026-03-05,1000,3000,43890,USD,cdb404201976da67
t002401,2026-03-05,2000,1000,110239,USD,cdb404201976da67
t002402,2026-03-05,2000,1000,7532,USD,cdb404201976da67
t002403,2026-03-05,4000,1000,73588,USD,cdb404201976da67
t002404,2026-03-05,6000,1000,33307,USD,cdb404201976da67
t002405,2026-03-05,1000,3000,5756,USD,cdb404201976da67
t002406,2026-03-05,4000,1000,9389,USD,cdb404201976da67
t002407,2026-03-05,6000,1000,158152,USD,cdb404201976da67
t002408,2026-03-05,6000,1000,198452,USD,cdb404201976da67
t002409,2026-03-05,4471,3000,6519,USD,cdb404201976da67
t002410,2026-03-05,4000,2000,127303,USD,cdb404201976da67
t002411,2026-03-05,1000,3000,219075,USD,cdb404201976da67
t002412,2026-03-05,1000,1200,153377,USD,cdb404201976da67
t002413,2026-03-05,1000,4471,7517,USD,cdb404201976da67
t002414,2026-03-05,4000,2000,177612,USD,cdb404201976da67
t002415,2026-03-05,2000,1000,4384,USD,cdb404201976da67
t002416,2026-03-05,1200,3000,329,USD,cdb404201976da67
t002417,2026-03-05,4000,1000,7526,USD,cdb404201976da67
t002418,2026-03-05,1000,3000,143213,USD,cdb404201976da67
t002419,2026-03-05,2000,1000,200508,USD,cdb404201976da67
t002420,2026-03-05,1000,1200,7450,USD,cdb404201976da67
t002421,2026-03-05,4000,2000,248913,USD,cdb404201976da67
t002422,2026-03-05,4000,2000,509,USD,cdb404201976da67
t002423,2026-03-05,4000,2000,5204,USD,cdb404201976da67
t002424,2026-03-05,1000,3000,191035,USD,cdb404201976da67
t002425,2026-03-05,1000,1200,76777,USD,cdb404201976da67
t002426,2026-03-05,4000,2000,189986,USD,cdb404201976da67
t002427,2026-03-05,4000,2000,130314,USD,cdb404201976da67
t002428,2026-03-05,6000,1000,71109,USD,cdb404201976da67
t002429,2026-03-05,4000,2000,82531,USD,cdb404201976da67
t002430,2026-03-05,4000,2000,181436,USD,cdb404201976da67
t002431,2026-03-05,2000,1000,111456,USD,cdb404201976da67
t002432,2026-03-05,1200,3000,7128,USD,cdb404201976da67
t002433,2026-03-05,4000,1000,8826,USD,cdb404201976da67
t002434,2026-03-05,1000,3000,229999,USD,cdb404201976da67
t002435,2026-03-05,1000,3000,45705,USD,cdb404201976da67
t002436,2026-03-05,1000,3000,131866,USD,cdb404201976da67
t002437,2026-03-05,1000,3000,210915,USD,cdb404201976da67
t002438,2026-03-05,6000,1000,76520,USD,cdb404201976da67
t002439,2026-03-05,2000,1000,107210,USD,cdb404201976da67
t002440,2026-03-06,1000,3000,2733,USD,cdb404201976da67
t002441,2026-03-06,1000,4471,2757,USD,cdb404201976da67
t002442,2026-03-06,4000,2000,114450,USD,cdb404201976da67
t002443,2026-03-06,4000,1000,85670,USD,cdb404201976da67
t002444,2026-03-06,4000,2000,177947,USD,cdb404201976da67
t002445,2026-03-06,1000,1200,152024,USD,cdb404201976da67
t002446,2026-03-06,2000,1000,242794,USD,cdb404201976da67
t002447,2026-03-06,1000,3000,145298,USD,cdb404201976da67
t002448,2026-03-06,2000,1000,130721,USD,cdb404201976da67
t002449,2026-03-06,2000,1000,108451,USD,cdb404201976da67
t002450,2026-03-06,1200,3000,62601,USD,cdb404201976da67
t002451,2026-03-06,1000,4471,155294,USD,cdb404201976da67
t002452,2026-03-06,2000,1000,14646,USD,cdb404201976da67
t002453,2026-03-06,6000,1000,116494,USD,cdb404201976da67
t002454,2026-03-06,4000,2000,35399,USD,cdb404201976da67
t002455,2026-03-06,1200,3000,8519,USD,cdb404201976da67
t002456,2026-03-06,4000,2000,5865,USD,cdb404201976da67
t002457,2026-03-06,2000,1000,4427,USD,cdb404201976da67
t002458,2026-03-06,4000,2000,1900,USD,cdb404201976da67
t002459,2026-03-06,1000,1200,108435,USD,cdb404201976da67
t002460,2026-03-06,1000,3000,200855,USD,cdb404201976da67
t002461,2026-03-06,1000,3000,46772,USD,cdb404201976da67
t002462,2026-03-06,4471,3000,118646,USD,cdb404201976da67
t002463,2026-03-06,4000,2000,7014,USD,cdb404201976da67
t002464,2026-03-06,1200,3000,75069,USD,cdb404201976da67
t002465,2026-03-06,1000,1200,5204,USD,cdb404201976da67
t002466,2026-03-06,4471,3000,3187,USD,cdb404201976da67
t002467,2026-03-06,1200,3000,21526,USD,cdb404201976da67
t002468,2026-03-06,2000,1000,94677,USD,cdb404201976da67
t002469,2026-03-06,4000,2000,58075,USD,cdb404201976da67
t002470,2026-03-06,1000,4471,85039,USD,cdb404201976da67
t002471,2026-03-06,4000,2000,6631,USD,cdb404201976da67
t002472,2026-03-06,1200,3000,528,USD,cdb404201976da67
t002473,2026-03-06,1000,1200,7241,USD,cdb404201976da67
t002474,2026-03-06,6000,1000,97260,USD,cdb404201976da67
t002475,2026-03-06,1000,3000,6756,USD,cdb404201976da67
t002476,2026-03-06,1000,1200,41452,USD,cdb404201976da67
t002477,2026-03-06,1200,3000,101,USD,cdb404201976da67
t002478,2026-03-06,4000,2000,189669,USD,cdb404201976da67
t002479,2026-03-06,2000,1000,124136,USD,cdb404201976da67
t002480,2026-03-07,1000,3000,74950,USD,cdb404201976da67
t002481,2026-03-07,4471,3000,4726,USD,cdb404201976da67
t002482,2026-03-07,2000,1000,211701,USD,cdb404201976da67
t002483,2026-03-07,1200,3000,72629,USD,cdb404201976da67
t002484,2026-03-07,1000,3000,176731,USD,cdb404201976da67
t002485,2026-03-07,1000,4471,110725,USD,cdb404201976da67
t002486,2026-03-07,4000,2000,71318,USD,cdb404201976da67
t002487,2026-03-07,1000,1200,112386,USD,cdb404201976da67
t002488,2026-03-07,4000,1000,30952,USD,cdb404201976da67
t002489,2026-03-07,1200,3000,71515,USD,cdb404201976da67
t002490,2026-03-07,1000,1200,10501,USD,cdb404201976da67
t002491,2026-03-07,2000,1000,4461,USD,cdb404201976da67
t002492,2026-03-07,4000,1000,5117,USD,cdb404201976da67
t002493,2026-03-07,1000,1200,59031,USD,cdb404201976da67
t002494,2026-03-07,4000,1000,248289,USD,cdb404201976da67
t002495,2026-03-07,4000,2000,247101,USD,cdb404201976da67
t002496,2026-03-07,1000,4471,2501,USD,cdb404201976da67
t002497,2026-03-07,4000,2000,157182,USD,cdb404201976da67
t002498,2026-03-07,6000,1000,238638,USD,cdb404201976da67
t002499,2026-03-07,4000,1000,3185,USD,cdb404201976da67
t002500,2026-03-07,4000,1000,6672,USD,cdb404201976da67
t002501,2026-03-07,4000,2000,36309,USD,cdb404201976da67
t002502,2026-03-07,4000,2000,246970,USD,cdb404201976da67
t002503,2026-03-07,1000,1200,76311,USD,cdb404201976da67
t002504,2026-03-07,4471,3000,92430,USD,cdb404201976da67
t002505,2026-03-07,4000,2000,78191,USD,cdb404201976da67
t002506,2026-03-07,1000,3000,124082,USD,cdb404201976da67
t002507,2026-03-07,1000,1200,186130,USD,cdb404201976da67
t002508,2026-03-07,4000,2000,123212,USD,cdb404201976da67
t002509,2026-03-07,6000,1000,56025,USD,cdb404201976da67
t002510,2026-03-07,2000,1000,92363,USD,cdb404201976da67
t002511,2026-03-07,2000,1000,19476,USD,cdb404201976da67
t002512,2026-03-07,4000,1000,6693,USD,cdb404201976da67
t002513,2026-03-07,2000,1000,213938,USD,cdb404201976da67
t002514,2026-03-07,1000,4471,85912,USD,cdb404201976da67
t002515,2026-03-07,1000,4471,151842,USD,cdb404201976da67
t002516,2026-03-07,2000,1000,155294,USD,cdb404201976da67
t002517,2026-03-07,4000,2000,231142,USD,cdb404201976da67
t002518,2026-03-07,6000,1000,153213,USD,cdb404201976da67
t002519,2026-03-07,1000,1200,8225,USD,cdb404201976da67
t002520,2026-03-08,1000,4471,6349,USD,cdb404201976da67
t002521,2026-03-08,1200,3000,9058,USD,cdb404201976da67
t002522,2026-03-08,2000,1000,107420,USD,cdb404201976da67
t002523,2026-03-08,1000,1200,5653,USD,cdb404201976da67
t002524,2026-03-08,4000,2000,3620,USD,cdb404201976da67
t002525,2026-03-08,6000,1000,125579,USD,cdb404201976da67
t002526,2026-03-08,1000,3000,20633,USD,cdb404201976da67
t002527,2026-03-08,6000,1000,28957,USD,cdb404201976da67
t002528,2026-03-08,4000,2000,38631,USD,cdb404201976da67
t002529,2026-03-08,4000,1000,4359,USD,cdb404201976da67
t002530,2026-03-08,4000,1000,241958,USD,cdb404201976da67
t002531,2026-03-08,4471,3000,19069,USD,cdb404201976da67
t002532,2026-03-08,1000,3000,197175,USD,cdb404201976da67
t002533,2026-03-08,4000,2000,233384,USD,cdb404201976da67
t002534,2026-03-08,1200,3000,148564,USD,cdb404201976da67
t002535,2026-03-08,1000,1200,9320,USD,cdb404201976da67
t002536,2026-03-08,1000,4471,238184,USD,cdb404201976da67
t002537,2026-03-08,2000,1000,135911,USD,cdb404201976da67
t002538,2026-03-08,1200,3000,98617,USD,cdb404201976da67
t002539,2026-03-08,4000,2000,217802,USD,cdb404201976da67
t002540,2026-03-08,6000,1000,3223,USD,cdb404201976da67
t002541,2026-03-08,6000,1000,18523,USD,cdb404201976da67
t002542,2026-03-08,1000,1200,62723,USD,cdb404201976da67
t002543,2026-03-08,4000,2000,37223,USD,cdb404201976da67
t002544,2026-03-08,1000,4471,161988,USD,cdb404201976da67
t002545,2026-03-08,6000,1000,7871,USD,cdb404201976da67
t002546,2026-03-08,1000,1200,162627,USD,cdb404201976da67
t002547,2026-03-08,4000,2000,228454,USD,cdb404201976da67
t002548,2026-03-08,2000,1000,70019,USD,cdb404201976da67
t002549,2026-03-08,1000,3000,3618,USD,cdb404201976da67
t002550,2026-03-08,1000,3000,55502,USD,cdb404201976da67
t002551,2026-03-08,6000,1000,5714,USD,cdb404201976da67
t002552,2026-03-08,6000,1000,677,USD,cdb404201976da67
t002553,2026-03-08,4471,3000,2311,USD,cdb404201976da67
t002554,2026-03-08,1000,3000,135576,USD,cdb404201976da67
t002555,2026-03-08,1000,1200,105437,USD,cdb404201976da67
t002556,2026-03-08,1000,1200,88919,USD,cdb404201976da67
t002557,2026-03-08,4000,2000,4488,USD,cdb404201976da67
t002558,2026-03-08,1000,3000,240786,USD,cdb404201976da67
t002559,2026-03-08,6000,1000,125463,USD,cdb404201976da67
t002560,2026-03-09,2000,1000,75279,USD,cdb404201976da67
t002561,2026-03-09,4000,2000,147644,USD,cdb404201976da67
t002562,2026-03-09,1000,3000,72282,USD,cdb404201976da67
t002563,2026-03-09,4000,1000,234728,USD,cdb404201976da67
t002564,2026-03-09,1000,3000,236175,USD,cdb404201976da67
t002565,2026-03-09,4471,3000,97270,USD,cdb404201976da67
t002566,2026-03-09,4471,3000,7878,USD,cdb404201976da67
t002567,2026-03-09,2000,1000,237683,USD,cdb404201976da67
t002568,2026-03-09,4471,3000,60100,USD,cdb404201976da67
t002569,2026-03-09,1000,1200,18553,USD,cdb404201976da67
t002570,2026-03-09,1000,4471,95265,USD,cdb404201976da67
t002571,2026-03-09,2000,1000,8742,USD,cdb404201976da67
t002572,2026-03-09,1000,1200,28869,USD,cdb404201976da67
t002573,2026-03-09,4000,2000,84752,USD,cdb404201976da67
t002574,2026-03-09,4000,2000,219230,USD,cdb404201976da67
t002575,2026-03-09,4000,1000,77605,USD,cdb404201976da67
t002576,2026-03-09,1000,4471,131961,USD,cdb404201976da67
t002577,2026-03-09,2000,1000,90643,USD,cdb404201976da67
t002578,2026-03-09,1000,1200,179349,USD,cdb404201976da67
t002579,2026-03-09,1000,3000,244902,USD,cdb404201976da67
t002580,2026-03-09,1200,3000,5017,USD,cdb404201976da67
t002581,2026-03-09,6000,1000,6372,USD,cdb404201976da67
t002582,2026-03-09,2000,1000,58086,USD,cdb404201976da67
t002583,2026-03-09,4000,1000,169016,USD,cdb404201976da67
t002584,2026-03-09,4000,1000,104,USD,cdb404201976da67
t002585,2026-03-09,1200,3000,1184,USD,cdb404201976da67
t002586,2026-03-09,2000,1000,49105,USD,cdb404201976da67
t002587,2026-03-09,4000,1000,18970,USD,cdb404201976da67
t002588,2026-03-09,6000,1000,6754,USD,cdb404201976da67
t002589,2026-03-09,6000,1000,9423,USD,cdb404201976da67
t002590,2026-03-09,1000,3000,2746,USD,cdb404201976da67
t002591,2026-03-09,4000,1000,171122,USD,cdb404201976da67
t002592,2026-03-09,1200,3000,247477,USD,cdb404201976da67
t002593,2026-03-09,4000,2000,66834,USD,cdb404201976da67
t002594,2026-03-09,1200,3000,203113,USD,cdb404201976da67
t002595,2026-03-09,1000,4471,249790,USD,cdb404201976da67
t002596,2026-03-09,4000,1000,163961,USD,cdb404201976da67
t002597,2026-03-09,4000,2000,90536,USD,cdb404201976da67
t002598,2026-03-09,2000,1000,1803,USD,cdb404201976da67
t002599,2026-03-09,4000,1000,8888,USD,cdb404201976da67
t002600,2026-03-10,4471,3000,476,USD,cdb404201976da67
t002601,2026-03-10,1000,4471,153916,USD,cdb404201976da67
t002602,2026-03-10,1000,1200,187378,USD,cdb404201976da67
t002603,2026-03-10,1000,1200,208547,USD,cdb404201976da67
t002604,2026-03-10,4471,3000,11011,USD,cdb404201976da67
t002605,2026-03-10,1000,1200,8574,USD,cdb404201976da67
t002606,2026-03-10,1000,4471,8319,USD,cdb404201976da67
t002607,2026-03-10,4000,2000,13581,USD,cdb404201976da67
t002608,2026-03-10,1000,3000,177185,USD,cdb404201976da67
t002609,2026-03-10,6000,1000,710,USD,cdb404201976da67
t002610,2026-03-10,1000,3000,53778,USD,cdb404201976da67
t002611,2026-03-10,2000,1000,97439,USD,cdb404201976da67
t002612,2026-03-10,1200,3000,8289,USD,cdb404201976da67
t002613,2026-03-10,4000,1000,7937,USD,cdb404201976da67
t002614,2026-03-10,2000,1000,93867,USD,cdb404201976da67
t002615,2026-03-10,1000,3000,206597,USD,cdb404201976da67
t002616,2026-03-10,2000,1000,151557,USD,cdb404201976da67
t002617,2026-03-10,6000,1000,186694,USD,cdb404201976da67
t002618,2026-03-10,1000,1200,247239,USD,cdb404201976da67
t002619,2026-03-10,1000,4471,43011,USD,cdb404201976da67
t002620,2026-03-10,4000,2000,1193,USD,cdb404201976da67
t002621,2026-03-10,1000,4471,41476,USD,cdb404201976da67
t002622,2026-03-10,1000,1200,3862,USD,cdb404201976da67
t002623,2026-03-10,1000,4471,215013,USD,cdb404201976da67
t002624,2026-03-10,1200,3000,215759,USD,cdb404201976da67
t002625,2026-03-10,6000,1000,157775,USD,cdb404201976da67
t002626,2026-03-10,4471,3000,181724,USD,cdb404201976da67
t002627,2026-03-10,4000,1000,179249,USD,cdb404201976da67
t002628,2026-03-10,2000,1000,48189,USD,cdb404201976da67
t002629,2026-03-10,1000,4471,8301,USD,cdb404201976da67
t002630,2026-03-10,1000,4471,9672,USD,cdb404201976da67
t002631,2026-03-10,1000,4471,55681,USD,cdb404201976da67
t002632,2026-03-10,4000,2000,80279,USD,cdb404201976da67
t002633,2026-03-10,6000,1000,6149,USD,cdb404201976da67
t002634,2026-03-10,1000,3000,3928,USD,cdb404201976da67
t002635,2026-03-10,4000,2000,128032,USD,cdb404201976da67
t002636,2026-03-10,1000,3000,183908,USD,cdb404201976da67
t002637,2026-03-10,2000,1000,5864,USD,cdb404201976da67
t002638,2026-03-10,1000,3000,70467,USD,cdb404201976da67
t002639,2026-03-10,1000,1200,65207,USD,cdb404201976da67
t002640,2026-03-11,4000,1000,2944,USD,cdb404201976da67
t002641,2026-03-11,4000,2000,162173,USD,cdb404201976da67
t002642,2026-03-11,1000,4471,3411,USD,cdb404201976da67
t002643,2026-03-11,4000,2000,176121,USD,cdb404201976da67
t002644,2026-03-11,1200,3000,33359,USD,cdb404201976da67
t002645,2026-03-11,4000,2000,2747,USD,cdb404201976da67
t002646,2026-03-11,1200,3000,143475,USD,cdb404201976da67
t002647,2026-03-11,1000,1200,214947,USD,cdb404201976da67
t002648,2026-03-11,4471,3000,8929,USD,cdb404201976da67
t002649,2026-03-11,4000,2000,26056,USD,cdb404201976da67
t002650,2026-03-11,1000,3000,6352,USD,cdb404201976da67
t002651,2026-03-11,4471,3000,216438,USD,cdb404201976da67
t002652,2026-03-11,1000,3000,189977,USD,cdb404201976da67
t002653,2026-03-11,4000,2000,137044,USD,cdb404201976da67
t002654,2026-03-11,1000,4471,3101,USD,cdb404201976da67
t002655,2026-03-11,2000,1000,105562,USD,cdb404201976da67
t002656,2026-03-11,4471,3000,193265,USD,cdb404201976da67
t002657,2026-03-11,4000,1000,151996,USD,cdb404201976da67
t002658,2026-03-11,2000,1000,8179,USD,cdb404201976da67
t002659,2026-03-11,4000,2000,5562,USD,cdb404201976da67
t002660,2026-03-11,6000,1000,77345,USD,cdb404201976da67
t002661,2026-03-11,4000,1000,81871,USD,cdb404201976da67
t002662,2026-03-11,1200,3000,175564,USD,cdb404201976da67
t002663,2026-03-11,1000,1200,9981,USD,cdb404201976da67
t002664,2026-03-11,1000,3000,7416,USD,cdb404201976da67
t002665,2026-03-11,6000,1000,217889,USD,cdb404201976da67
t002666,2026-03-11,4000,1000,22131,USD,cdb404201976da67
t002667,2026-03-11,4000,1000,60687,USD,cdb404201976da67
t002668,2026-03-11,1000,3000,4338,USD,cdb404201976da67
t002669,2026-03-11,1000,4471,226155,USD,cdb404201976da67
t002670,2026-03-11,1200,3000,82423,USD,cdb404201976da67
t002671,2026-03-11,1200,3000,1542,USD,cdb404201976da67
t002672,2026-03-11,1000,1200,5974,USD,cdb404201976da67
t002673,2026-03-11,1200,3000,100324,USD,cdb404201976da67
t002674,2026-03-11,2000,1000,8426,USD,cdb404201976da67
t002675,2026-03-11,1000,4471,79209,USD,cdb404201976da67
t002676,2026-03-11,4471,3000,2517,USD,cdb404201976da67
t002677,2026-03-11,4000,2000,175311,USD,cdb404201976da67
t002678,2026-03-11,6000,1000,8615,USD,cdb404201976da67
t002679,2026-03-11,4471,3000,126471,USD,cdb404201976da67
t002680,2026-03-12,4000,2000,158549,USD,cdb404201976da67
t002681,2026-03-12,1000,1200,142449,USD,cdb404201976da67
t002682,2026-03-12,4000,2000,3670,USD,cdb404201976da67
t002683,2026-03-12,1200,3000,157097,USD,cdb404201976da67
t002684,2026-03-12,6000,1000,971,USD,cdb404201976da67
t002685,2026-03-12,1000,3000,229981,USD,cdb404201976da67
t002686,2026-03-12,4000,1000,65055,USD,cdb404201976da67
t002687,2026-03-12,6000,1000,83295,USD,cdb404201976da67
t002688,2026-03-12,1000,3000,36104,USD,cdb404201976da67
t002689,2026-03-12,1000,4471,378,USD,cdb404201976da67
t002690,2026-03-12,1000,4471,6782,USD,cdb404201976da67
t002691,2026-03-12,1200,3000,149592,USD,cdb404201976da67
t002692,2026-03-12,4000,2000,229909,USD,cdb404201976da67
t002693,2026-03-12,1000,3000,18320,USD,cdb404201976da67
t002694,2026-03-12,2000,1000,146763,USD,cdb404201976da67
t002695,2026-03-12,1000,3000,7836,USD,cdb404201976da67
t002696,2026-03-12,1000,3000,62678,USD,cdb404201976da67
t002697,2026-03-12,4471,3000,119177,USD,cdb404201976da67
t002698,2026-03-12,1200,3000,76666,USD,cdb404201976da67
t002699,2026-03-12,4471,3000,197978,USD,cdb404201976da67
t002700,2026-03-12,1200,3000,182044,USD,cdb404201976da67
t002701,2026-03-12,1200,3000,170441,USD,cdb404201976da67
t002702,2026-03-12,4471,3000,1002,USD,cdb404201976da67
t002703,2026-03-12,6000,1000,3901,USD,cdb404201976da67
t002704,2026-03-12,1000,1200,24032,USD,cdb404201976da67
t002705,2026-03-12,4000,2000,238676,USD,cdb404201976da67
t002706,2026-03-12,4471,3000,231087,USD,cdb404201976da67
t002707,2026-03-12,1000,4471,206407,USD,cdb404201976da67
t002708,2026-03-12,1200,3000,4440,USD,cdb404201976da67
t002709,2026-03-12,4000,1000,4987,USD,cdb404201976da67
t002710,2026-03-12,1200,3000,213751,USD,cdb404201976da67
t002711,2026-03-12,4000,1000,245326,USD,cdb404201976da67
t002712,2026-03-12,1000,1200,1096,USD,cdb404201976da67
t002713,2026-03-12,4000,1000,74810,USD,cdb404201976da67
t002714,2026-03-12,2000,1000,45046,USD,cdb404201976da67
t002715,2026-03-12,1000,4471,2689,USD,cdb404201976da67
t002716,2026-03-12,2000,1000,6242,USD,cdb404201976da67
t002717,2026-03-12,1000,3000,123638,USD,cdb404201976da67
t002718,2026-03-12,6000,1000,18609,USD,cdb404201976da67
t002719,2026-03-12,1000,3000,231587,USD,cdb404201976da67
t002720,2026-03-13,4000,2000,163852,USD,cdb404201976da67
t002721,2026-03-13,4000,1000,6049,USD,cdb404201976da67
t002722,2026-03-13,2000,1000,8914,USD,cdb404201976da67
t002723,2026-03-13,6000,1000,488,USD,cdb404201976da67
t002724,2026-03-13,2000,1000,105498,USD,cdb404201976da67
t002725,2026-03-13,4000,2000,482,USD,cdb404201976da67
t002726,2026-03-13,2000,1000,101424,USD,cdb404201976da67
t002727,2026-03-13,4000,2000,201622,USD,cdb404201976da67
t002728,2026-03-13,1000,3000,8555,USD,cdb404201976da67
t002729,2026-03-13,1000,3000,11667,USD,cdb404201976da67
t002730,2026-03-13,1200,3000,205558,USD,cdb404201976da67
t002731,2026-03-13,4471,3000,8855,USD,cdb404201976da67
t002732,2026-03-13,6000,1000,218907,USD,cdb404201976da67
t002733,2026-03-13,4000,2000,9827,USD,cdb404201976da67
t002734,2026-03-13,1000,1200,6527,USD,cdb404201976da67
t002735,2026-03-13,4471,3000,224459,USD,cdb404201976da67
t002736,2026-03-13,6000,1000,155420,USD,cdb404201976da67
t002737,2026-03-13,2000,1000,45291,USD,cdb404201976da67
t002738,2026-03-13,1000,1200,57170,USD,cdb404201976da67
t002739,2026-03-13,2000,1000,2185,USD,cdb404201976da67
t002740,2026-03-13,1000,1200,213624,USD,cdb404201976da67
t002741,2026-03-13,2000,1000,6892,USD,cdb404201976da67
t002742,2026-03-13,6000,1000,235281,USD,cdb404201976da67
t002743,2026-03-13,4000,1000,215428,USD,cdb404201976da67
t002744,2026-03-13,1000,3000,229161,USD,cdb404201976da67
t002745,2026-03-13,2000,1000,116257,USD,cdb404201976da67
t002746,2026-03-13,1000,1200,195306,USD,cdb404201976da67
t002747,2026-03-13,1200,3000,9475,USD,cdb404201976da67
t002748,2026-03-13,1000,4471,7531,USD,cdb404201976da67
t002749,2026-03-13,4000,2000,172547,USD,cdb404201976da67
t002750,2026-03-13,4000,2000,214290,USD,cdb404201976da67
t002751,2026-03-13,1000,1200,189215,USD,cdb404201976da67
t002752,2026-03-13,1000,4471,136004,USD,cdb404201976da67
t002753,2026-03-13,4000,1000,4848,USD,cdb404201976da67
t002754,2026-03-13,6000,1000,58758,USD,cdb404201976da67
t002755,2026-03-13,4000,2000,2152,USD,cdb404201976da67
t002756,2026-03-13,4000,1000,242322,USD,cdb404201976da67
t002757,2026-03-13,6000,1000,189098,USD,cdb404201976da67
t002758,2026-03-13,2000,1000,230002,USD,cdb404201976da67
t002759,2026-03-13,1000,4471,158455,USD,cdb404201976da67
t002760,2026-03-14,4000,1000,6807,USD,cdb404201976da67
t002761,2026-03-14,1000,3000,4071,USD,cdb404201976da67
t002762,2026-03-14,1000,4471,2868,USD,cdb404201976da67
t002763,2026-03-14,4000,2000,34406,USD,cdb404201976da67
t002764,2026-03-14,4471,3000,4715,USD,cdb404201976da67
t002765,2026-03-14,4000,1000,7529,USD,cdb404201976da67
t002766,2026-03-14,4000,1000,646,USD,cdb404201976da67
t002767,2026-03-14,6000,1000,10999,USD,cdb404201976da67
t002768,2026-03-14,4000,2000,168367,USD,cdb404201976da67
t002769,2026-03-14,4000,2000,6171,USD,cdb404201976da67
t002770,2026-03-14,6000,1000,95187,USD,cdb404201976da67
t002771,2026-03-14,4000,1000,221228,USD,cdb404201976da67
t002772,2026-03-14,6000,1000,69933,USD,cdb404201976da67
t002773,2026-03-14,1000,1200,7769,USD,cdb404201976da67
t002774,2026-03-14,1000,1200,129552,USD,cdb404201976da67
t002775,2026-03-14,4000,1000,170532,USD,cdb404201976da67
t002776,2026-03-14,1000,1200,18349,USD,cdb404201976da67
t002777,2026-03-14,1200,3000,1764,USD,cdb404201976da67
t002778,2026-03-14,2000,1000,220802,USD,cdb404201976da67
t002779,2026-03-14,4000,2000,75209,USD,cdb404201976da67
t002780,2026-03-14,4000,2000,627,USD,cdb404201976da67
t002781,2026-03-14,1000,1200,182179,USD,cdb404201976da67
t002782,2026-03-14,4471,3000,232553,USD,cdb404201976da67
t002783,2026-03-14,4471,3000,1258,USD,cdb404201976da67
t002784,2026-03-14,6000,1000,38204,USD,cdb404201976da67
t002785,2026-03-14,1200,3000,131951,USD,cdb404201976da67
t002786,2026-03-14,4000,1000,33071,USD,cdb404201976da67
t002787,2026-03-14,1200,3000,54255,USD,cdb404201976da67
t002788,2026-03-14,2000,1000,126575,USD,cdb404201976da67
t002789,2026-03-14,1000,1200,86978,USD,cdb404201976da67
t002790,2026-03-14,2000,1000,9058,USD,cdb404201976da67
t002791,2026-03-14,4000,2000,6132,USD,cdb404201976da67
t002792,2026-03-14,4000,2000,112554,USD,cdb404201976da67
t002793,2026-03-14,1000,1200,88916,USD,cdb404201976da67
t002794,2026-03-14,2000,1000,88837,USD,cdb404201976da67
t002795,2026-03-14,1000,1200,139606,USD,cdb404201976da67
t002796,2026-03-14,1200,3000,6878,USD,cdb404201976da67
t002797,2026-03-14,4000,1000,27183,USD,cdb404201976da67
t002798,2026-03-14,1000,3000,360,USD,cdb404201976da67
t002799,2026-03-14,4000,1000,162243,USD,cdb404201976da67
t002800,2026-03-15,4000,2000,131563,USD,cdb404201976da67
t002801,2026-03-15,1000,4471,61070,USD,cdb404201976da67
t002802,2026-03-15,1000,3000,121559,USD,cdb404201976da67
t002803,2026-03-15,6000,1000,4633,USD,cdb404201976da67
t002804,2026-03-15,4000,2000,88012,USD,cdb404201976da67
t002805,2026-03-15,1200,3000,230318,USD,cdb404201976da67
t002806,2026-03-15,1200,3000,249269,USD,cdb404201976da67
t002807,2026-03-15,4000,1000,6024,USD,cdb404201976da67
t002808,2026-03-15,2000,1000,238024,USD,cdb404201976da67
t002809,2026-03-15,2000,1000,93730,USD,cdb404201976da67
t002810,2026-03-15,1000,3000,4613,USD,cdb404201976da67
t002811,2026-03-15,2000,1000,7458,USD,cdb404201976da67
t002812,2026-03-15,4000,2000,5595,USD,cdb404201976da67
t002813,2026-03-15,1000,3000,112867,USD,cdb404201976da67
t002814,2026-03-15,1000,4471,140271,USD,cdb404201976da67
t002815,2026-03-15,1000,1200,3723,USD,cdb404201976da67
t002816,2026-03-15,4471,3000,221416,USD,cdb404201976da67
t002817,2026-03-15,4471,3000,19281,USD,cdb404201976da67
t002818,2026-03-15,1000,1200,45691,USD,cdb404201976da67
t002819,2026-03-15,4471,3000,81969,USD,cdb404201976da67
t002820,2026-03-15,1000,3000,1913,USD,cdb404201976da67
t002821,2026-03-15,1200,3000,27586,USD,cdb404201976da67
t002822,2026-03-15,1200,3000,93833,USD,cdb404201976da67
t002823,2026-03-15,1200,3000,226496,USD,cdb404201976da67
t002824,2026-03-15,4000,1000,173600,USD,cdb404201976da67
t002825,2026-03-15,4000,1000,108783,USD,cdb404201976da67
t002826,2026-03-15,2000,1000,122357,USD,cdb404201976da67
t002827,2026-03-15,1000,1200,88295,USD,cdb404201976da67
t002828,2026-03-15,4471,3000,5704,USD,cdb404201976da67
t002829,2026-03-15,1200,3000,170032,USD,cdb404201976da67
t002830,2026-03-15,6000,1000,191208,USD,cdb404201976da67
t002831,2026-03-15,1000,1200,12562,USD,cdb404201976da67
t002832,2026-03-15,4000,2000,9805,USD,cdb404201976da67
t002833,2026-03-15,1200,3000,264,USD,cdb404201976da67
t002834,2026-03-15,4000,2000,1274,USD,cdb404201976da67
t002835,2026-03-15,1000,1200,65790,USD,cdb404201976da67
t002836,2026-03-15,4000,1000,104452,USD,cdb404201976da67
t002837,2026-03-15,6000,1000,4042,USD,cdb404201976da67
t002838,2026-03-15,1000,4471,6907,USD,cdb404201976da67
t002839,2026-03-15,4000,2000,8042,USD,cdb404201976da67
t002840,2026-03-16,6000,1000,104555,USD,cdb404201976da67
t002841,2026-03-16,6000,1000,62374,USD,cdb404201976da67
t002842,2026-03-16,4000,2000,333,USD,cdb404201976da67
t002843,2026-03-16,4000,1000,32343,USD,cdb404201976da67
t002844,2026-03-16,4471,3000,232070,USD,cdb404201976da67
t002845,2026-03-16,4000,2000,924,USD,cdb404201976da67
t002846,2026-03-16,1000,1200,20443,USD,cdb404201976da67
t002847,2026-03-16,4471,3000,130235,USD,cdb404201976da67
t002848,2026-03-16,2000,1000,9823,USD,cdb404201976da67
t002849,2026-03-16,1000,4471,8222,USD,cdb404201976da67
t002850,2026-03-16,6000,1000,172742,USD,cdb404201976da67
t002851,2026-03-16,4000,2000,3226,USD,cdb404201976da67
t002852,2026-03-16,1000,3000,183643,USD,cdb404201976da67
t002853,2026-03-16,4471,3000,234621,USD,cdb404201976da67
t002854,2026-03-16,1000,1200,140993,USD,cdb404201976da67
t002855,2026-03-16,1000,1200,5977,USD,cdb404201976da67
t002856,2026-03-16,4000,2000,46633,USD,cdb404201976da67
t002857,2026-03-16,2000,1000,8163,USD,cdb404201976da67
t002858,2026-03-16,4471,3000,147546,USD,cdb404201976da67
t002859,2026-03-16,4471,3000,126898,USD,cdb404201976da67
t002860,2026-03-16,4000,2000,2727,USD,cdb404201976da67
t002861,2026-03-16,4000,1000,101526,USD,cdb404201976da67
t002862,2026-03-16,6000,1000,121962,USD,cdb404201976da67
t002863,2026-03-16,2000,1000,222814,USD,cdb404201976da67
t002864,2026-03-16,1000,4471,77883,USD,cdb404201976da67
t002865,2026-03-16,1200,3000,193113,USD,cdb404201976da67
t002866,2026-03-16,1000,3000,21082,USD,cdb404201976da67
t002867,2026-03-16,1000,3000,236632,USD,cdb404201976da67
t002868,2026-03-16,1200,3000,3181,USD,cdb404201976da67
t002869,2026-03-16,1000,3000,176505,USD,cdb404201976da67
t002870,2026-03-16,4471,3000,222514,USD,cdb404201976da67
t002871,2026-03-16,4471,3000,25509,USD,cdb404201976da67
t002872,2026-03-16,2000,1000,131903,USD,cdb404201976da67
t002873,2026-03-16,6000,1000,179368,USD,cdb404201976da67
t002874,2026-03-16,4000,1000,114015,USD,cdb404201976da67
t002875,2026-03-16,2000,1000,72137,USD,cdb404201976da67
t002876,2026-03-16,4000,2000,3266,USD,cdb404201976da67
t002877,2026-03-16,1000,1200,99270,USD,cdb404201976da67
t002878,2026-03-16,4000,2000,3995,USD,cdb404201976da67
t002879,2026-03-16,1000,4471,100723,USD,cdb404201976da67
t002880,2026-03-17,1000,4471,4154,USD,cdb404201976da67
t002881,2026-03-17,1000,1200,66191,USD,cdb404201976da67
t002882,2026-03-17,4471,3000,7516,USD,cdb404201976da67
t002883,2026-03-17,4000,1000,3777,USD,cdb404201976da67
t002884,2026-03-17,4000,2000,202359,USD,cdb404201976da67
t002885,2026-03-17,1000,4471,5411,USD,cdb404201976da67
t002886,2026-03-17,2000,1000,242836,USD,cdb404201976da67
t002887,2026-03-17,2000,1000,160604,USD,cdb404201976da67
t002888,2026-03-17,6000,1000,136605,USD,cdb404201976da67
t002889,2026-03-17,1000,4471,32733,USD,cdb404201976da67
t002890,2026-03-17,2000,1000,165018,USD,cdb404201976da67
t002891,2026-03-17,6000,1000,105819,USD,cdb404201976da67
t002892,2026-03-17,2000,1000,156701,USD,cdb404201976da67
t002893,2026-03-17,1000,3000,232551,USD,cdb404201976da67
t002894,2026-03-17,1000,3000,88764,USD,cdb404201976da67
t002895,2026-03-17,4471,3000,247798,USD,cdb404201976da67
t002896,2026-03-17,4000,2000,2317,USD,cdb404201976da67
t002897,2026-03-17,1000,1200,169765,USD,cdb404201976da67
t002898,2026-03-17,1000,1200,5538,USD,cdb404201976da67
t002899,2026-03-17,2000,1000,72017,USD,cdb404201976da67
t002900,2026-03-17,4471,3000,67590,USD,cdb404201976da67
t002901,2026-03-17,1000,1200,7665,USD,cdb404201976da67
t002902,2026-03-17,4000,1000,1468,USD,cdb404201976da67
t002903,2026-03-17,1000,3000,1422,USD,cdb404201976da67
t002904,2026-03-17,4471,3000,186126,USD,cdb404201976da67
t002905,2026-03-17,6000,1000,215440,USD,cdb404201976da67
t002906,2026-03-17,1200,3000,28977,USD,cdb404201976da67
t002907,2026-03-17,1000,4471,130626,USD,cdb404201976da67
t002908,2026-03-17,6000,1000,2651,USD,cdb404201976da67
t002909,2026-03-17,4000,2000,80881,USD,cdb404201976da67
t002910,2026-03-17,1000,1200,7870,USD,cdb404201976da67
t002911,2026-03-17,1000,1200,242843,USD,cdb404201976da67
t002912,2026-03-17,1000,3000,9006,USD,cdb404201976da67
t002913,2026-03-17,2000,1000,174096,USD,cdb404201976da67
t002914,2026-03-17,2000,1000,2175,USD,cdb404201976da67
t002915,2026-03-17,1000,1200,99585,USD,cdb404201976da67
t002916,2026-03-17,6000,1000,111976,USD,cdb404201976da67
t002917,2026-03-17,2000,1000,7136,USD,cdb404201976da67
t002918,2026-03-17,6000,1000,89882,USD,cdb404201976da67
t002919,2026-03-17,4000,2000,8658,USD,cdb404201976da67
t002920,2026-03-18,1000,1200,41853,USD,cdb404201976da67
t002921,2026-03-18,2000,1000,14297,USD,cdb404201976da67
t002922,2026-03-18,1000,1200,9030,USD,cdb404201976da67
t002923,2026-03-18,1000,3000,134312,USD,cdb404201976da67
t002924,2026-03-18,1000,3000,220705,USD,cdb404201976da67
t002925,2026-03-18,4000,2000,215027,USD,cdb404201976da67
t002926,2026-03-18,1000,4471,158733,USD,cdb404201976da67
t002927,2026-03-18,4000,2000,57921,USD,cdb404201976da67
t002928,2026-03-18,4000,1000,1154,USD,cdb404201976da67
t002929,2026-03-18,1000,3000,3583,USD,cdb404201976da67
t002930,2026-03-18,1200,3000,2305,USD,cdb404201976da67
t002931,2026-03-18,1000,3000,205566,USD,cdb404201976da67
t002932,2026-03-18,2000,1000,4124,USD,cdb404201976da67
t002933,2026-03-18,1000,4471,153867,USD,cdb404201976da67
t002934,2026-03-18,1000,4471,200727,USD,cdb404201976da67
t002935,2026-03-18,4000,2000,4852,USD,cdb404201976da67
t002936,2026-03-18,4000,2000,167499,USD,cdb404201976da67
t002937,2026-03-18,2000,1000,156532,USD,cdb404201976da67
t002938,2026-03-18,2000,1000,7395,USD,cdb404201976da67
t002939,2026-03-18,1000,1200,148139,USD,cdb404201976da67
t002940,2026-03-18,1000,1200,59612,USD,cdb404201976da67
t002941,2026-03-18,1000,1200,9101,USD,cdb404201976da67
t002942,2026-03-18,1000,4471,210533,USD,cdb404201976da67
t002943,2026-03-18,1000,3000,32628,USD,cdb404201976da67
t002944,2026-03-18,2000,1000,27376,USD,cdb404201976da67
t002945,2026-03-18,1000,3000,2643,USD,cdb404201976da67
t002946,2026-03-18,4000,2000,164374,USD,cdb404201976da67
t002947,2026-03-18,4471,3000,6995,USD,cdb404201976da67
t002948,2026-03-18,1200,3000,67264,USD,cdb404201976da67
t002949,2026-03-18,4000,1000,227827,USD,cdb404201976da67
t002950,2026-03-18,6000,1000,9191,USD,cdb404201976da67
t002951,2026-03-18,1000,4471,78365,USD,cdb404201976da67
t002952,2026-03-18,2000,1000,36688,USD,cdb404201976da67
t002953,2026-03-18,2000,1000,125277,USD,cdb404201976da67
t002954,2026-03-18,4000,1000,4997,USD,cdb404201976da67
t002955,2026-03-18,1200,3000,114156,USD,cdb404201976da67
t002956,2026-03-18,1000,4471,30040,USD,cdb404201976da67
t002957,2026-03-18,6000,1000,134800,USD,cdb404201976da67
t002958,2026-03-18,2000,1000,18558,USD,cdb404201976da67
t002959,2026-03-18,1000,3000,52985,USD,cdb404201976da67
t002960,2026-03-19,1000,3000,50638,USD,cdb404201976da67
t002961,2026-03-19,2000,1000,69724,USD,cdb404201976da67
t002962,2026-03-19,4471,3000,45183,USD,cdb404201976da67
t002963,2026-03-19,2000,1000,190576,USD,cdb404201976da67
t002964,2026-03-19,2000,1000,133960,USD,cdb404201976da67
t002965,2026-03-19,1200,3000,9945,USD,cdb404201976da67
t002966,2026-03-19,1200,3000,928,USD,cdb404201976da67
t002967,2026-03-19,1000,1200,6991,USD,cdb404201976da67
t002968,2026-03-19,4471,3000,136869,USD,cdb404201976da67
t002969,2026-03-19,1000,4471,79940,USD,cdb404201976da67
t002970,2026-03-19,1000,1200,224359,USD,cdb404201976da67
t002971,2026-03-19,1000,3000,2424,USD,cdb404201976da67
t002972,2026-03-19,1000,1200,51721,USD,cdb404201976da67
t002973,2026-03-19,1200,3000,37450,USD,cdb404201976da67
t002974,2026-03-19,6000,1000,130774,USD,cdb404201976da67
t002975,2026-03-19,6000,1000,142007,USD,cdb404201976da67
t002976,2026-03-19,4471,3000,375,USD,cdb404201976da67
t002977,2026-03-19,1200,3000,25575,USD,cdb404201976da67
t002978,2026-03-19,4000,1000,1750,USD,cdb404201976da67
t002979,2026-03-19,1000,4471,13789,USD,cdb404201976da67
t002980,2026-03-19,4471,3000,4901,USD,cdb404201976da67
t002981,2026-03-19,2000,1000,148936,USD,cdb404201976da67
t002982,2026-03-19,1000,1200,228991,USD,cdb404201976da67
t002983,2026-03-19,1200,3000,6895,USD,cdb404201976da67
t002984,2026-03-19,4000,2000,60548,USD,cdb404201976da67
t002985,2026-03-19,1000,1200,8299,USD,cdb404201976da67
t002986,2026-03-19,4471,3000,7475,USD,cdb404201976da67
t002987,2026-03-19,2000,1000,160646,USD,cdb404201976da67
t002988,2026-03-19,4000,1000,18995,USD,cdb404201976da67
t002989,2026-03-19,2000,1000,23842,USD,cdb404201976da67
t002990,2026-03-19,2000,1000,594,USD,cdb404201976da67
t002991,2026-03-19,1000,3000,5408,USD,cdb404201976da67
t002992,2026-03-19,1000,3000,173566,USD,cdb404201976da67
t002993,2026-03-19,1000,1200,11396,USD,cdb404201976da67
t002994,2026-03-19,1200,3000,226237,USD,cdb404201976da67
t002995,2026-03-19,4000,2000,56952,USD,cdb404201976da67
t002996,2026-03-19,4000,2000,210975,USD,cdb404201976da67
t002997,2026-03-19,4000,2000,213851,USD,cdb404201976da67
t002998,2026-03-19,1000,1200,125103,USD,cdb404201976da67
t002999,2026-03-19,1200,3000,2360,USD,cdb404201976da67
t003000,2026-03-20,4000,1000,211050,USD,cdb404201976da67
t003001,2026-03-20,1000,3000,32864,USD,cdb404201976da67
t003002,2026-03-20,4000,2000,16941,USD,cdb404201976da67
t003003,2026-03-20,6000,1000,2788,USD,cdb404201976da67
t003004,2026-03-20,1000,1200,30170,USD,cdb404201976da67
t003005,2026-03-20,4000,2000,228805,USD,cdb404201976da67
t003006,2026-03-20,1200,3000,21571,USD,cdb404201976da67
t003007,2026-03-20,1200,3000,5087,USD,cdb404201976da67
t003008,2026-03-20,1200,3000,3337,USD,cdb404201976da67
t003009,2026-03-20,2000,1000,88594,USD,cdb404201976da67
t003010,2026-03-20,4000,1000,134206,USD,cdb404201976da67
t003011,2026-03-20,2000,1000,218432,USD,cdb404201976da67
t003012,2026-03-20,1200,3000,114150,USD,cdb404201976da67
t003013,2026-03-20,1000,3000,119205,USD,cdb404201976da67
t003014,2026-03-20,1000,1200,7061,USD,cdb404201976da67
t003015,2026-03-20,1000,1200,19639,USD,cdb404201976da67
t003016,2026-03-20,2000,1000,239075,USD,cdb404201976da67
t003017,2026-03-20,1000,4471,64401,USD,cdb404201976da67
t003018,2026-03-20,4471,3000,90564,USD,cdb404201976da67
t003019,2026-03-20,1000,3000,5538,USD,cdb404201976da67
t003020,2026-03-20,4000,1000,36835,USD,cdb404201976da67
t003021,2026-03-20,4000,2000,162875,USD,cdb404201976da67
t003022,2026-03-20,1000,3000,101686,USD,cdb404201976da67
t003023,2026-03-20,1000,1200,52122,USD,cdb404201976da67
t003024,2026-03-20,1000,1200,43446,USD,cdb404201976da67
t003025,2026-03-20,1000,3000,21920,USD,cdb404201976da67
t003026,2026-03-20,1200,3000,16741,USD,cdb404201976da67
t003027,2026-03-20,2000,1000,232749,USD,cdb404201976da67
t003028,2026-03-20,4000,2000,89809,USD,cdb404201976da67
t003029,2026-03-20,4471,3000,103020,USD,cdb404201976da67
t003030,2026-03-20,1000,3000,194000,USD,cdb404201976da67
t003031,2026-03-20,1000,1200,3638,USD,cdb404201976da67
t003032,2026-03-20,4000,2000,249044,USD,cdb404201976da67
t003033,2026-03-20,4000,1000,176539,USD,cdb404201976da67
t003034,2026-03-20,4000,1000,56014,USD,cdb404201976da67
t003035,2026-03-20,4471,3000,23307,USD,cdb404201976da67
t003036,2026-03-20,1000,1200,209037,USD,cdb404201976da67
t003037,2026-03-20,4000,1000,186768,USD,cdb404201976da67
t003038,2026-03-20,4000,2000,72152,USD,cdb404201976da67
t003039,2026-03-20,6000,1000,77088,USD,cdb404201976da67
t003040,2026-03-21,1200,3000,5819,USD,cdb404201976da67
t003041,2026-03-21,1000,1200,43765,USD,cdb404201976da67
t003042,2026-03-21,4000,2000,122473,USD,cdb404201976da67
t003043,2026-03-21,4471,3000,125760,USD,cdb404201976da67
t003044,2026-03-21,4000,2000,2241,USD,cdb404201976da67
t003045,2026-03-21,6000,1000,157258,USD,cdb404201976da67
t003046,2026-03-21,1000,4471,4249,USD,cdb404201976da67
t003047,2026-03-21,2000,1000,81287,USD,cdb404201976da67
t003048,2026-03-21,4000,2000,7334,USD,cdb404201976da67
t003049,2026-03-21,1000,1200,68602,USD,cdb404201976da67
t003050,2026-03-21,1200,3000,128255,USD,cdb404201976da67
t003051,2026-03-21,4000,2000,11628,USD,cdb404201976da67
t003052,2026-03-21,6000,1000,168879,USD,cdb404201976da67
t003053,2026-03-21,1000,3000,830,USD,cdb404201976da67
t003054,2026-03-21,4000,2000,179530,USD,cdb404201976da67
t003055,2026-03-21,4000,2000,238121,USD,cdb404201976da67
t003056,2026-03-21,4000,2000,85242,USD,cdb404201976da67
t003057,2026-03-21,2000,1000,7226,USD,cdb404201976da67
t003058,2026-03-21,2000,1000,117187,USD,cdb404201976da67
t003059,2026-03-21,1000,4471,61215,USD,cdb404201976da67
t003060,2026-03-21,1000,3000,179230,USD,cdb404201976da67
t003061,2026-03-21,4000,2000,199462,USD,cdb404201976da67
t003062,2026-03-21,4471,3000,188560,USD,cdb404201976da67
t003063,2026-03-21,1000,1200,3248,USD,cdb404201976da67
t003064,2026-03-21,1000,1200,7547,USD,cdb404201976da67
t003065,2026-03-21,6000,1000,137187,USD,cdb404201976da67
t003066,2026-03-21,4000,2000,2407,USD,cdb404201976da67
t003067,2026-03-21,1000,1200,80940,USD,cdb404201976da67
t003068,2026-03-21,6000,1000,199682,USD,cdb404201976da67
t003069,2026-03-21,4000,2000,155105,USD,cdb404201976da67
t003070,2026-03-21,4471,3000,4492,USD,cdb404201976da67
t003071,2026-03-21,4000,1000,162313,USD,cdb404201976da67
t003072,2026-03-21,1200,3000,53042,USD,cdb404201976da67
t003073,2026-03-21,1200,3000,129146,USD,cdb404201976da67
t003074,2026-03-21,1000,3000,107,USD,cdb404201976da67
t003075,2026-03-21,6000,1000,6300,USD,cdb404201976da67
t003076,2026-03-21,4000,2000,53896,USD,cdb404201976da67
t003077,2026-03-21,6000,1000,5066,USD,cdb404201976da67
t003078,2026-03-21,1000,1200,6690,USD,cdb404201976da67
t003079,2026-03-21,1000,1200,8497,USD,cdb404201976da67
t003080,2026-03-22,4000,1000,100762,USD,cdb404201976da67
t003081,2026-03-22,1200,3000,4341,USD,cdb404201976da67
t003082,2026-03-22,1000,4471,198464,USD,cdb404201976da67
t003083,2026-03-22,1000,3000,93778,USD,cdb404201976da67
t003084,2026-03-22,1200,3000,68223,USD,cdb404201976da67
t003085,2026-03-22,1000,1200,43270,USD,cdb404201976da67
t003086,2026-03-22,2000,1000,82331,USD,cdb404201976da67
t003087,2026-03-22,1000,1200,8493,USD,cdb404201976da67
t003088,2026-03-22,4471,3000,42785,USD,cdb404201976da67
t003089,2026-03-22,2000,1000,183929,USD,cdb404201976da67
t003090,2026-03-22,4471,3000,64272,USD,cdb404201976da67
t003091,2026-03-22,6000,1000,3564,USD,cdb404201976da67
t003092,2026-03-22,6000,1000,67741,USD,cdb404201976da67
t003093,2026-03-22,4471,3000,4776,USD,cdb404201976da67
t003094,2026-03-22,4000,2000,25106,USD,cdb404201976da67
t003095,2026-03-22,1000,1200,681,USD,cdb404201976da67
t003096,2026-03-22,4000,2000,61989,USD,cdb404201976da67
t003097,2026-03-22,4000,2000,2216,USD,cdb404201976da67
t003098,2026-03-22,1000,4471,34660,USD,cdb404201976da67
t003099,2026-03-22,1000,1200,173471,USD,cdb404201976da67
t003100,2026-03-22,2000,1000,7627,USD,cdb404201976da67
t003101,2026-03-22,4000,1000,198952,USD,cdb404201976da67
t003102,2026-03-22,1000,1200,210177,USD,cdb404201976da67
t003103,2026-03-22,4000,2000,190407,USD,cdb404201976da67
t003104,2026-03-22,6000,1000,105390,USD,cdb404201976da67
t003105,2026-03-22,2000,1000,155176,USD,cdb404201976da67
t003106,2026-03-22,6000,1000,246333,USD,cdb404201976da67
t003107,2026-03-22,1000,1200,209208,USD,cdb404201976da67
t003108,2026-03-22,1200,3000,214167,USD,cdb404201976da67
t003109,2026-03-22,2000,1000,6690,USD,cdb404201976da67
t003110,2026-03-22,2000,1000,128144,USD,cdb404201976da67
t003111,2026-03-22,1000,1200,182297,USD,cdb404201976da67
t003112,2026-03-22,1000,4471,230098,USD,cdb404201976da67
t003113,2026-03-22,1000,1200,60150,USD,cdb404201976da67
t003114,2026-03-22,4000,2000,36343,USD,cdb404201976da67
t003115,2026-03-22,1000,3000,168627,USD,cdb404201976da67
t003116,2026-03-22,4471,3000,108645,USD,cdb404201976da67
t003117,2026-03-22,4000,2000,5102,USD,cdb404201976da67
t003118,2026-03-22,4000,1000,103362,USD,cdb404201976da67
t003119,2026-03-22,6000,1000,171330,USD,cdb404201976da67
t003120,2026-03-23,4000,2000,5060,USD,cdb404201976da67
t003121,2026-03-23,1200,3000,6600,USD,cdb404201976da67
t003122,2026-03-23,1000,1200,30940,USD,cdb404201976da67
t003123,2026-03-23,1000,1200,2113,USD,cdb404201976da67
t003124,2026-03-23,4000,2000,4134,USD,cdb404201976da67
t003125,2026-03-23,4000,2000,95860,USD,cdb404201976da67
t003126,2026-03-23,4471,3000,5468,USD,cdb404201976da67
t003127,2026-03-23,4000,2000,54421,USD,cdb404201976da67
t003128,2026-03-23,1200,3000,78289,USD,cdb404201976da67
t003129,2026-03-23,4000,1000,171442,USD,cdb404201976da67
t003130,2026-03-23,1000,3000,3101,USD,cdb404201976da67
t003131,2026-03-23,2000,1000,28189,USD,cdb404201976da67
t003132,2026-03-23,4471,3000,83719,USD,cdb404201976da67
t003133,2026-03-23,4000,2000,1426,USD,cdb404201976da67
t003134,2026-03-23,2000,1000,4237,USD,cdb404201976da67
t003135,2026-03-23,2000,1000,127824,USD,cdb404201976da67
t003136,2026-03-23,4471,3000,173652,USD,cdb404201976da67
t003137,2026-03-23,2000,1000,127969,USD,cdb404201976da67
t003138,2026-03-23,2000,1000,116832,USD,cdb404201976da67
t003139,2026-03-23,1000,1200,4577,USD,cdb404201976da67
t003140,2026-03-23,1000,4471,221308,USD,cdb404201976da67
t003141,2026-03-23,4000,2000,249881,USD,cdb404201976da67
t003142,2026-03-23,1000,1200,132069,USD,cdb404201976da67
t003143,2026-03-23,1000,1200,100788,USD,cdb404201976da67
t003144,2026-03-23,2000,1000,244308,USD,cdb404201976da67
t003145,2026-03-23,1000,3000,46745,USD,cdb404201976da67
t003146,2026-03-23,4000,2000,172362,USD,cdb404201976da67
t003147,2026-03-23,2000,1000,73667,USD,cdb404201976da67
t003148,2026-03-23,1200,3000,200721,USD,cdb404201976da67
t003149,2026-03-23,1000,3000,8737,USD,cdb404201976da67
t003150,2026-03-23,1000,1200,802,USD,cdb404201976da67
t003151,2026-03-23,2000,1000,187625,USD,cdb404201976da67
t003152,2026-03-23,1200,3000,156164,USD,cdb404201976da67
t003153,2026-03-23,1000,1200,144873,USD,cdb404201976da67
t003154,2026-03-23,2000,1000,112,USD,cdb404201976da67
t003155,2026-03-23,1000,4471,239244,USD,cdb404201976da67
t003156,2026-03-23,1000,4471,197834,USD,cdb404201976da67
t003157,2026-03-23,1000,4471,85872,USD,cdb404201976da67
t003158,2026-03-23,1000,1200,217793,USD,cdb404201976da67
t003159,2026-03-23,1000,3000,5102,USD,cdb404201976da67
t003160,2026-03-24,1000,1200,95172,USD,cdb404201976da67
t003161,2026-03-24,1000,3000,5747,USD,cdb404201976da67
t003162,2026-03-24,4000,2000,221997,USD,cdb404201976da67
t003163,2026-03-24,1200,3000,141280,USD,cdb404201976da67
t003164,2026-03-24,1000,4471,221653,USD,cdb404201976da67
t003165,2026-03-24,1000,4471,3429,USD,cdb404201976da67
t003166,2026-03-24,1200,3000,111847,USD,cdb404201976da67
t003167,2026-03-24,6000,1000,97596,USD,cdb404201976da67
t003168,2026-03-24,4471,3000,100465,USD,cdb404201976da67
t003169,2026-03-24,1000,3000,5345,USD,cdb404201976da67
t003170,2026-03-24,2000,1000,136920,USD,cdb404201976da67
t003171,2026-03-24,4471,3000,22413,USD,cdb404201976da67
t003172,2026-03-24,1000,4471,118392,USD,cdb404201976da67
t003173,2026-03-24,4000,2000,131455,USD,cdb404201976da67
t003174,2026-03-24,1000,3000,159180,USD,cdb404201976da67
t003175,2026-03-24,2000,1000,7361,USD,cdb404201976da67
t003176,2026-03-24,4471,3000,5450,USD,cdb404201976da67
t003177,2026-03-24,1200,3000,792,USD,cdb404201976da67
t003178,2026-03-24,4000,1000,109852,USD,cdb404201976da67
t003179,2026-03-24,4000,1000,32258,USD,cdb404201976da67
t003180,2026-03-24,4000,2000,190095,USD,cdb404201976da67
t003181,2026-03-24,4000,2000,186279,USD,cdb404201976da67
t003182,2026-03-24,1200,3000,70704,USD,cdb404201976da67
t003183,2026-03-24,4000,2000,164014,USD,cdb404201976da67
t003184,2026-03-24,4000,2000,3228,USD,cdb404201976da67
t003185,2026-03-24,1200,3000,129440,USD,cdb404201976da67
t003186,2026-03-24,1200,3000,124640,USD,cdb404201976da67
t003187,2026-03-24,4000,1000,232103,USD,cdb404201976da67
t003188,2026-03-24,6000,1000,21186,USD,cdb404201976da67
t003189,2026-03-24,1200,3000,180167,USD,cdb404201976da67
t003190,2026-03-24,1200,3000,115344,USD,cdb404201976da67
t003191,2026-03-24,4000,2000,130419,USD,cdb404201976da67
t003192,2026-03-24,4000,1000,97497,USD,cdb404201976da67
t003193,2026-03-24,4000,2000,7763,USD,cdb404201976da67
t003194,2026-03-24,4000,2000,120926,USD,cdb404201976da67
t003195,2026-03-24,2000,1000,548,USD,cdb404201976da67
t003196,2026-03-24,1000,1200,75755,USD,cdb404201976da67
t003197,2026-03-24,4000,1000,2088,USD,cdb404201976da67
t003198,2026-03-24,4000,2000,165162,USD,cdb404201976da67
t003199,2026-03-24,4000,2000,4587,USD,cdb404201976da67
t003200,2026-03-25,1000,4471,4072,USD,cdb404201976da67
