id,date,debit,credit,amount_cents,currency
t000001,2026-01-01,4000,1000,40970,USD
t000002,2026-01-01,4000,2000,5566,USD
t000003,2026-01-01,4471,3000,3823,USD
t000004,2026-01-01,1000,3000,4609,USD
t000005,2026-01-01,4471,3000,69015,USD
t000006,2026-01-01,1200,3000,60880,USD
t000007,2026-01-01,1000,4471,204655,USD
t000008,2026-01-01,1000,4471,35177,USD
t000009,2026-01-01,1200,3000,481,USD
t000010,2026-01-01,4000,2000,181795,USD
t000011,2026-01-01,1200,3000,113448,USD
t000012,2026-01-01,4000,2000,123712,USD
t000013,2026-01-01,6000,1000,63065,USD
t000014,2026-01-01,1000,1200,9939,USD
t000015,2026-01-01,1200,3000,178774,USD
t000016,2026-01-01,4000,1000,219606,USD
t000017,2026-01-01,1000,1200,56120,USD
t000018,2026-01-01,1000,3000,191349,USD
t000019,2026-01-01,4000,1000,228956,USD
t000020,2026-01-01,1200,3000,15606,USD
t000021,2026-01-01,2000,1000,115727,USD
t000022,2026-01-01,4000,1000,1969,USD
t000023,2026-01-01,1000,3000,8381,USD
t000024,2026-01-01,1000,1200,207844,USD
t000025,2026-01-01,1000,3000,1740,USD
t000026,2026-01-01,4000,1000,172351,USD
t000027,2026-01-01,2000,1000,1112,USD
t000028,2026-01-01,4000,2000,92711,USD
t000029,2026-01-01,1000,3000,7266,USD
t000030,2026-01-01,6000,1000,48723,USD
t000031,2026-01-01,1200,3000,233826,USD
t000032,2026-01-01,1000,4471,8495,USD
t000033,2026-01-01,1000,4471,20659,USD
t000034,2026-01-01,1000,3000,145961,USD
t000035,2026-01-01,1000,4471,61381,USD
t000036,2026-01-01,1200,3000,96213,USD
t000037,2026-01-01,4000,1000,43849,USD
t000038,2026-01-01,4000,2000,1710,USD
t000039,2026-01-01,1000,4471,221933,USD
t000040,2026-01-02,4000,2000,149160,USD
t000041,2026-01-02,6000,1000,6128,USD
t000042,2026-01-02,4000,1000,3153,USD
t000043,2026-01-02,1000,4471,4403,USD
t000044,2026-01-02,2000,1000,4034,USD
t000045,2026-01-02,4000,2000,61081,USD
t000046,2026-01-02,1000,1200,1376,USD
t000047,2026-01-02,1000,3000,24270,USD
t000048,2026-01-02,1200,3000,15336,USD
t000049,2026-01-02,1200,3000,222712,USD
t000050,2026-01-02,1000,1200,29752,USD
t000051,2026-01-02,1200,3000,136247,USD
t000052,2026-01-02,6000,1000,128339,USD
t000053,2026-01-02,2000,1000,7399,USD
t000054,2026-01-02,4000,2000,4870,USD
t000055,2026-01-02,6000,1000,143036,USD
t000056,2026-01-02,1200,3000,26761,USD
t000057,2026-01-02,4000,1000,61019,USD
t000058,2026-01-02,6000,1000,248832,USD
t000059,2026-01-02,1000,3000,45820,USD
t000060,2026-01-02,4000,1000,45320,USD
t000061,2026-01-02,1000,4471,148492,USD
t000062,2026-01-02,4471,3000,5186,USD
t000063,2026-01-02,1200,3000,164455,USD
t000064,2026-01-02,4000,1000,9823,USD
t000065,2026-01-02,6000,1000,1283,USD
t000066,2026-01-02,1200,3000,210622,USD
t000067,2026-01-02,1200,3000,94554,USD
t000068,2026-01-02,4000,1000,210183,USD
t000069,2026-01-02,4471,3000,40467,USD
t000070,2026-01-02,4000,2000,58745,USD
t000071,2026-01-02,2000,1000,20606,USD
t000072,2026-01-02,2000,1000,5263,USD
t000073,2026-01-02,6000,1000,2912,USD
t000074,2026-01-02,1000,3000,163755,USD
t000075,2026-01-02,6000,1000,8968,USD
t000076,2026-01-02,1000,3000,49384,USD
t000077,2026-01-02,4471,3000,217146,USD
t000078,2026-01-02,6000,1000,101977,USD
t000079,2026-01-02,4000,1000,203845,USD
t000080,2026-01-03,4000,1000,226884,USD
t000081,2026-01-03,1000,3000,700,USD
t000082,2026-01-03,1000,3000,55783,USD
t000083,2026-01-03,1000,1200,111575,USD
t000084,2026-01-03,1200,3000,5992,USD
t000085,2026-01-03,1000,3000,168897,USD
t000086,2026-01-03,1000,3000,239667,USD
t000087,2026-01-03,1000,3000,2591,USD
t000088,2026-01-03,4000,1000,126563,USD
t000089,2026-01-03,1000,3000,145682,USD
t000090,2026-01-03,1200,3000,183635,USD
t000091,2026-01-03,1000,1200,246735,USD
t000092,2026-01-03,1000,3000,1880,USD
t000093,2026-01-03,6000,1000,1305,USD
t000094,2026-01-03,4000,1000,171700,USD
t000095,2026-01-03,1000,3000,142933,USD
t000096,2026-01-03,4000,1000,6435,USD
t000097,2026-01-03,6000,1000,151719,USD
t000098,2026-01-03,1000,1200,96960,USD
t000099,2026-01-03,1000,1200,6412,USD
t000100,2026-01-03,4000,2000,199424,USD
t000101,2026-01-03,1200,3000,4387,USD
t000102,2026-01-03,1000,1200,30682,USD
t000103,2026-01-03,1000,1200,158199,USD
t000104,2026-01-03,6000,1000,152513,USD
t000105,2026-01-03,1000,3000,99646,USD
t000106,2026-01-03,1000,4471,88081,USD
t000107,2026-01-03,4000,2000,47281,USD
t000108,2026-01-03,1000,4471,906,USD
t000109,2026-01-03,1000,3000,126809,USD
t000110,2026-01-03,1200,3000,97755,USD
t000111,2026-01-03,1000,1200,232595,USD
t000112,2026-01-03,1000,1200,3103,USD
t000113,2026-01-03,1200,3000,6597,USD
t000114,2026-01-03,1000,3000,1970,USD
t000115,2026-01-03,4471,3000,248360,USD
t000116,2026-01-03,2000,1000,104515,USD
t000117,2026-01-03,2000,1000,154721,USD
t000118,2026-01-03,1200,3000,215549,USD
t000119,2026-01-03,6000,1000,185323,USD
t000120,2026-01-04,4471,3000,21752,USD
t000121,2026-01-04,4000,2000,53879,USD
t000122,2026-01-04,1200,3000,115099,USD
t000123,2026-01-04,4000,1000,20908,USD
t000124,2026-01-04,6000,1000,106112,USD
t000125,2026-01-04,4471,3000,39968,USD
t000126,2026-01-04,6000,1000,213485,USD
t000127,2026-01-04,1000,4471,144174,USD
t000128,2026-01-04,6000,1000,141914,USD
t000129,2026-01-04,1000,1200,4298,USD
t000130,2026-01-04,1000,3000,88697,USD
t000131,2026-01-04,4000,1000,110819,USD
t000132,2026-01-04,4000,1000,38247,USD
t000133,2026-01-04,6000,1000,217387,USD
t000134,2026-01-04,1000,4471,27433,USD
t000135,2026-01-04,1200,3000,170414,USD
t000136,2026-01-04,1200,3000,156063,USD
t000137,2026-01-04,1000,1200,7694,USD
t000138,2026-01-04,6000,1000,4363,USD
t000139,2026-01-04,1000,4471,1270,USD
t000140,2026-01-04,1000,3000,14407,USD
t000141,2026-01-04,1000,1200,45961,USD
t000142,2026-01-04,4000,1000,195249,USD
t000143,2026-01-04,2000,1000,64574,USD
t000144,2026-01-04,2000,1000,146410,USD
t000145,2026-01-04,1200,3000,213221,USD
t000146,2026-01-04,1000,3000,163096,USD
t000147,2026-01-04,1000,3000,198298,USD
t000148,2026-01-04,2000,1000,33207,USD
t000149,2026-01-04,4471,3000,80922,USD
t000150,2026-01-04,4000,1000,3148,USD
t000151,2026-01-04,4000,2000,56827,USD
t000152,2026-01-04,4471,3000,183829,USD
t000153,2026-01-04,6000,1000,188010,USD
t000154,2026-01-04,1000,3000,219918,USD
t000155,2026-01-04,1000,1200,6356,USD
t000156,2026-01-04,1000,1200,8358,USD
t000157,2026-01-04,1000,3000,157787,USD
t000158,2026-01-04,2000,1000,7710,USD
t000159,2026-01-04,2000,1000,834,USD
t000160,2026-01-05,4000,1000,4358,USD
t000161,2026-01-05,1200,3000,225002,USD
t000162,2026-01-05,4000,2000,194776,USD
t000163,2026-01-05,4471,3000,224412,USD
t000164,2026-01-05,4000,1000,4841,USD
t000165,2026-01-05,1200,3000,81084,USD
t000166,2026-01-05,4471,3000,8233,USD
t000167,2026-01-05,1000,3000,3064,USD
t000168,2026-01-05,4000,1000,47675,USD
t000169,2026-01-05,6000,1000,200453,USD
t000170,2026-01-05,4000,2000,214423,USD
t000171,2026-01-05,1200,3000,5683,USD
t000172,2026-01-05,4000,2000,12477,USD
t000173,2026-01-05,4000,1000,193594,USD
t000174,2026-01-05,4000,2000,9267,USD
t000175,2026-01-05,1200,3000,6809,USD
t000176,2026-01-05,4000,1000,1425,USD
t000177,2026-01-05,4000,2000,115832,USD
t000178,2026-01-05,1000,3000,1059,USD
t000179,2026-01-05,1000,1200,79995,USD
t000180,2026-01-05,2000,1000,50815,USD
t000181,2026-01-05,1000,1200,206942,USD
t000182,2026-01-05,1000,4471,7666,USD
t000183,2026-01-05,1000,3000,557,USD
t000184,2026-01-05,4000,2000,105893,USD
t000185,2026-01-05,6000,1000,89212,USD
t000186,2026-01-05,1000,4471,86013,USD
t000187,2026-01-05,1000,1200,173072,USD
t000188,2026-01-05,4000,1000,128110,USD
t000189,2026-01-05,1000,3000,2585,USD
t000190,2026-01-05,6000,1000,137797,USD
t000191,2026-01-05,4000,1000,8284,USD
t000192,2026-01-05,1000,4471,245708,USD
t000193,2026-01-05,4000,2000,213047,USD
t000194,2026-01-05,4000,1000,223465,USD
t000195,2026-01-05,1000,1200,165962,USD
t000196,2026-01-05,4471,3000,2392,USD
t000197,2026-01-05,1000,4471,237466,USD
t000198,2026-01-05,1000,1200,9302,USD
t000199,2026-01-05,4000,2000,6456,USD
t000200,2026-01-06,6000,1000,59474,USD
t000201,2026-01-06,1000,4471,51815,USD
t000202,2026-01-06,4000,1000,97918,USD
t000203,2026-01-06,4000,1000,1369,USD
t000204,2026-01-06,1000,3000,225881,USD
t000205,2026-01-06,1000,3000,170743,USD
t000206,2026-01-06,1000,1200,9701,USD
t000207,2026-01-06,4471,3000,36216,USD
t000208,2026-01-06,1000,4471,160117,USD
t000209,2026-01-06,4000,1000,8415,USD
t000210,2026-01-06,1000,3000,173213,USD
t000211,2026-01-06,1200,3000,166041,USD
t000212,2026-01-06,1000,1200,7699,USD
t000213,2026-01-06,6000,1000,3224,USD
t000214,2026-01-06,1000,4471,1325,USD
t000215,2026-01-06,4000,1000,9823,USD
t000216,2026-01-06,6000,1000,17621,USD
t000217,2026-01-06,1000,3000,213996,USD
t000218,2026-01-06,1000,1200,156953,USD
t000219,2026-01-06,4000,1000,218031,USD
t000220,2026-01-06,1000,1200,150154,USD
t000221,2026-01-06,6000,1000,7558,USD
t000222,2026-01-06,1200,3000,7080,USD
t000223,2026-01-06,1000,3000,18207,USD
t000224,2026-01-06,1200,3000,9548,USD
t000225,2026-01-06,1000,1200,43870,USD
t000226,2026-01-06,1000,3000,5845,USD
t000227,2026-01-06,4000,2000,16901,USD
t000228,2026-01-06,1000,4471,141079,USD
t000229,2026-01-06,4000,2000,1817,USD
t000230,2026-01-06,4000,2000,13385,USD
t000231,2026-01-06,6000,1000,181912,USD
t000232,2026-01-06,1200,3000,115481,USD
t000233,2026-01-06,4000,2000,248103,USD
t000234,2026-01-06,1200,3000,43520,USD
t000235,2026-01-06,2000,1000,93643,USD
t000236,2026-01-06,1000,3000,42372,USD
t000237,2026-01-06,1000,3000,151929,USD
t000238,2026-01-06,1000,4471,5698,USD
t000239,2026-01-06,6000,1000,106704,USD
t000240,2026-01-07,6000,1000,191700,USD
t000241,2026-01-07,2000,1000,173004,USD
t000242,2026-01-07,1000,1200,8577,USD
t000243,2026-01-07,4000,1000,80590,USD
t000244,2026-01-07,1200,3000,2132,USD
t000245,2026-01-07,4000,1000,43221,USD
t000246,2026-01-07,1000,1200,217354,USD
t000247,2026-01-07,1200,3000,82654,USD
t000248,2026-01-07,4000,2000,8977,USD
t000249,2026-01-07,1200,3000,114865,USD
t000250,2026-01-07,1200,3000,75368,USD
t000251,2026-01-07,4000,2000,2018,USD
t000252,2026-01-07,1000,4471,128286,USD
t000253,2026-01-07,4471,3000,3821,USD
t000254,2026-01-07,4000,2000,2933,USD
t000255,2026-01-07,4000,1000,7744,USD
t000256,2026-01-07,4471,3000,201207,USD
t000257,2026-01-07,4000,2000,4463,USD
t000258,2026-01-07,4471,3000,2971,USD
t000259,2026-01-07,6000,1000,9026,USD
t000260,2026-01-07,6000,1000,31632,USD
t000261,2026-01-07,4000,1000,236036,USD
t000262,2026-01-07,6000,1000,23649,USD
t000263,2026-01-07,4471,3000,6038,USD
t000264,2026-01-07,6000,1000,151029,USD
t000265,2026-01-07,4471,3000,3241,USD
t000266,2026-01-07,4000,1000,71591,USD
t000267,2026-01-07,4000,2000,16798,USD
t000268,2026-01-07,1000,1200,3347,USD
t000269,2026-01-07,6000,1000,9899,USD
t000270,2026-01-07,1000,3000,132134,USD
t000271,2026-01-07,2000,1000,120083,USD
t000272,2026-01-07,1000,3000,3979,USD
t000273,2026-01-07,1000,4471,211526,USD
t000274,2026-01-07,1000,1200,105177,USD
t000275,2026-01-07,1200,3000,8332,USD
t000276,2026-01-07,1200,3000,43266,USD
t000277,2026-01-07,2000,1000,113896,USD
t000278,2026-01-07,1000,3000,149415,USD
t000279,2026-01-07,4000,1000,117757,USD
t000280,2026-01-08,4000,1000,42147,USD
t000281,2026-01-08,2000,1000,4738,USD
t000282,2026-01-08,4471,3000,113802,USD
t000283,2026-01-08,4471,3000,70095,USD
t000284,2026-01-08,2000,1000,108863,USD
t000285,2026-01-08,6000,1000,7973,USD
t000286,2026-01-08,4471,3000,3395,USD
t000287,2026-01-08,2000,1000,162153,USD
t000288,2026-01-08,2000,1000,60061,USD
t000289,2026-01-08,1000,3000,89873,USD
t000290,2026-01-08,4000,2000,56499,USD
t000291,2026-01-08,1000,3000,169054,USD
t000292,2026-01-08,1000,3000,137299,USD
t000293,2026-01-08,1200,3000,235167,USD
t000294,2026-01-08,6000,1000,1269,USD
t000295,2026-01-08,6000,1000,108984,USD
t000296,2026-01-08,4471,3000,3126,USD
t000297,2026-01-08,1000,1200,43944,USD
t000298,2026-01-08,2000,1000,7487,USD
t000299,2026-01-08,1200,3000,90365,USD
t000300,2026-01-08,1000,1200,245801,USD
t000301,2026-01-08,1000,4471,129117,USD
t000302,2026-01-08,1000,1200,188755,USD
t000303,2026-01-08,1000,1200,589,USD
t000304,2026-01-08,1200,3000,19965,USD
t000305,2026-01-08,1200,3000,106353,USD
t000306,2026-01-08,1000,3000,194070,USD
t000307,2026-01-08,1000,1200,2836,USD
t000308,2026-01-08,2000,1000,156573,USD
t000309,2026-01-08,4000,2000,155767,USD
t000310,2026-01-08,2000,1000,60716,USD
t000311,2026-01-08,4000,2000,6666,USD
t000312,2026-01-08,1000,4471,204027,USD
t000313,2026-01-08,1000,1200,223035,USD
t000314,2026-01-08,1000,3000,189798,USD
t000315,2026-01-08,4471,3000,8822,USD
t000316,2026-01-08,1200,3000,9768,USD
t000317,2026-01-08,1200,3000,232602,USD
t000318,2026-01-08,1000,1200,140573,USD
t000319,2026-01-08,1000,1200,208012,USD
t000320,2026-01-09,1000,1200,107187,USD
t000321,2026-01-09,6000,1000,7482,USD
t000322,2026-01-09,1000,3000,4348,USD
t000323,2026-01-09,1000,3000,6654,USD
t000324,2026-01-09,4000,1000,6174,USD
t000325,2026-01-09,1200,3000,9019,USD
t000326,2026-01-09,2000,1000,110642,USD
t000327,2026-01-09,1000,3000,6177,USD
t000328,2026-01-09,6000,1000,550,USD
t000329,2026-01-09,1000,1200,6287,USD
t000330,2026-01-09,4000,2000,94452,USD
t000331,2026-01-09,1000,3000,73374,USD
t000332,2026-01-09,1000,1200,21962,USD
t000333,2026-01-09,1200,3000,4164,USD
t000334,2026-01-09,4000,2000,2688,USD
t000335,2026-01-09,4000,2000,119628,USD
t000336,2026-01-09,1000,3000,110970,USD
t000337,2026-01-09,4000,1000,200221,USD
t000338,2026-01-09,4000,2000,8596,USD
t000339,2026-01-09,6000,1000,133161,USD
t000340,2026-01-09,2000,1000,203227,USD
t000341,2026-01-09,6000,1000,2237,USD
t000342,2026-01-09,2000,1000,9081,USD
t000343,2026-01-09,4000,2000,161590,USD
t000344,2026-01-09,1000,1200,35794,USD
t000345,2026-01-09,4000,2000,86563,USD
t000346,2026-01-09,4000,2000,122304,USD
t000347,2026-01-09,4471,3000,31654,USD
t000348,2026-01-09,1200,3000,126972,USD
t000349,2026-01-09,1000,4471,2311,USD
t000350,2026-01-09,1000,3000,94227,USD
t000351,2026-01-09,2000,1000,150430,USD
t000352,2026-01-09,2000,1000,3595,USD
t000353,2026-01-09,1000,4471,4812,USD
t000354,2026-01-09,1000,4471,61652,USD
t000355,2026-01-09,4471,3000,7026,USD
t000356,2026-01-09,4471,3000,663,USD
t000357,2026-01-09,1000,3000,10731,USD
t000358,2026-01-09,1000,3000,157011,USD
t000359,2026-01-09,4000,1000,21361,USD
t000360,2026-01-10,1000,3000,165130,USD
t000361,2026-01-10,4000,2000,8819,USD
t000362,2026-01-10,4000,1000,7307,USD
t000363,2026-01-10,1000,1200,140497,USD
t000364,2026-01-10,6000,1000,86422,USD
t000365,2026-01-10,6000,1000,142579,USD
t000366,2026-01-10,4000,2000,118888,USD
t000367,2026-01-10,4000,1000,233664,USD
t000368,2026-01-10,6000,1000,137213,USD
t000369,2026-01-10,4000,1000,112840,USD
t000370,2026-01-10,6000,1000,220180,USD
t000371,2026-01-10,2000,1000,65543,USD
t000372,2026-01-10,1000,4471,3105,USD
t000373,2026-01-10,1000,3000,215903,USD
t000374,2026-01-10,4000,1000,6538,USD
t000375,2026-01-10,6000,1000,35041,USD
t000376,2026-01-10,4000,2000,370,USD
t000377,2026-01-10,1000,3000,142546,USD
t000378,2026-01-10,2000,1000,8572,USD
t000379,2026-01-10,1000,4471,2761,USD
t000380,2026-01-10,1200,3000,4246,USD
t000381,2026-01-10,2000,1000,36100,USD
t000382,2026-01-10,4000,2000,3657,USD
t000383,2026-01-10,1000,3000,110137,USD
t000384,2026-01-10,1200,3000,244805,USD
t000385,2026-01-10,2000,1000,3144,USD
t000386,2026-01-10,1200,3000,7421,USD
t000387,2026-01-10,6000,1000,114651,USD
t000388,2026-01-10,6000,1000,102613,USD
t000389,2026-01-10,2000,1000,238282,USD
t000390,2026-01-10,2000,1000,247353,USD
t000391,2026-01-10,6000,1000,7727,USD
t000392,2026-01-10,4000,1000,65618,USD
t000393,2026-01-10,1200,3000,182038,USD
t000394,2026-01-10,1200,3000,157932,USD
t000395,2026-01-10,6000,1000,54470,USD
t000396,2026-01-10,4000,1000,545,USD
t000397,2026-01-10,1000,3000,7445,USD
t000398,2026-01-10,4000,1000,48013,USD
t000399,2026-01-10,1000,1200,53713,USD
t000400,2026-01-11,4000,1000,3569,USD
t000401,2026-01-11,2000,1000,40843,USD
t000402,2026-01-11,4000,2000,681,USD
t000403,2026-01-11,1200,3000,2450,USD
t000404,2026-01-11,4000,2000,3932,USD
t000405,2026-01-11,4000,1000,105797,USD
t000406,2026-01-11,1000,3000,219672,USD
t000407,2026-01-11,1000,4471,111705,USD
t000408,2026-01-11,4000,2000,138301,USD
t000409,2026-01-11,4000,2000,967,USD
t000410,2026-01-11,4000,2000,244198,USD
t000411,2026-01-11,2000,1000,210454,USD
t000412,2026-01-11,4471,3000,240452,USD
t000413,2026-01-11,1200,3000,4589,USD
t000414,2026-01-11,4000,2000,222401,USD
t000415,2026-01-11,4000,2000,182172,USD
t000416,2026-01-11,4000,2000,46246,USD
t000417,2026-01-11,1000,3000,10517,USD
t000418,2026-01-11,1200,3000,19104,USD
t000419,2026-01-11,1000,1200,6082,USD
t000420,2026-01-11,1000,3000,151313,USD
t000421,2026-01-11,2000,1000,71262,USD
t000422,2026-01-11,4000,1000,4416,USD
t000423,2026-01-11,1000,3000,110615,USD
t000424,2026-01-11,1000,3000,172819,USD
t000425,2026-01-11,1000,3000,2920,USD
t000426,2026-01-11,1000,1200,141155,USD
t000427,2026-01-11,2000,1000,4593,USD
t000428,2026-01-11,4471,3000,52900,USD
t000429,2026-01-11,1000,3000,3513,USD
t000430,2026-01-11,1200,3000,234855,USD
t000431,2026-01-11,4000,2000,7431,USD
t000432,2026-01-11,6000,1000,129999,USD
t000433,2026-01-11,4000,1000,185300,USD
t000434,2026-01-11,6000,1000,2990,USD
t000435,2026-01-11,4000,1000,3841,USD
t000436,2026-01-11,2000,1000,7679,USD
t000437,2026-01-11,2000,1000,53534,USD
t000438,2026-01-11,2000,1000,30361,USD
t000439,2026-01-11,1200,3000,232223,USD
t000440,2026-01-12,1000,4471,53848,USD
t000441,2026-01-12,1000,3000,1903,USD
t000442,2026-01-12,1200,3000,5282,USD
t000443,2026-01-12,4471,3000,87288,USD
t000444,2026-01-12,2000,1000,42708,USD
t000445,2026-01-12,4000,1000,248894,USD
t000446,2026-01-12,1000,1200,3897,USD
t000447,2026-01-12,2000,1000,56650,USD
t000448,2026-01-12,1200,3000,167660,USD
t000449,2026-01-12,2000,1000,587,USD
t000450,2026-01-12,4000,1000,1695,USD
t000451,2026-01-12,1000,1200,4949,USD
t000452,2026-01-12,4000,1000,208784,USD
t000453,2026-01-12,1200,3000,128477,USD
t000454,2026-01-12,1000,1200,7711,USD
t000455,2026-01-12,4000,2000,232605,USD
t000456,2026-01-12,4471,3000,126142,USD
t000457,2026-01-12,4000,2000,245052,USD
t000458,2026-01-12,4471,3000,44552,USD
t000459,2026-01-12,4000,1000,5761,USD
t000460,2026-01-12,1200,3000,234988,USD
t000461,2026-01-12,4000,1000,91265,USD
t000462,2026-01-12,1200,3000,5830,USD
t000463,2026-01-12,1000,4471,134672,USD
t000464,2026-01-12,1200,3000,100959,USD
t000465,2026-01-12,6000,1000,214605,USD
t000466,2026-01-12,1000,1200,199,USD
t000467,2026-01-12,6000,1000,2352,USD
t000468,2026-01-12,4000,2000,167055,USD
t000469,2026-01-12,1200,3000,137227,USD
t000470,2026-01-12,1000,1200,119977,USD
t000471,2026-01-12,4000,2000,3780,USD
t000472,2026-01-12,4471,3000,227660,USD
t000473,2026-01-12,2000,1000,7808,USD
t000474,2026-01-12,2000,1000,219997,USD
t000475,2026-01-12,1000,3000,168640,USD
t000476,2026-01-12,2000,1000,237565,USD
t000477,2026-01-12,4000,1000,139939,USD
t000478,2026-01-12,6000,1000,127521,USD
t000479,2026-01-12,1000,1200,50892,USD
t000480,2026-01-13,4000,1000,223158,USD
t000481,2026-01-13,4000,2000,161570,USD
t000482,2026-01-13,1000,3000,248693,USD
t000483,2026-01-13,4000,2000,6812,USD
t000484,2026-01-13,4000,2000,168194,USD
t000485,2026-01-13,4000,1000,9261,USD
t000486,2026-01-13,1000,4471,30696,USD
t000487,2026-01-13,4471,3000,150902,USD
t000488,2026-01-13,6000,1000,76796,USD
t000489,2026-01-13,6000,1000,135173,USD
t000490,2026-01-13,4000,1000,127134,USD
t000491,2026-01-13,4000,1000,6395,USD
t000492,2026-01-13,2000,1000,33817,USD
t000493,2026-01-13,2000,1000,65564,USD
t000494,2026-01-13,1000,1200,80931,USD
t000495,2026-01-13,4000,2000,148690,USD
t000496,2026-01-13,4471,3000,2380,USD
t000497,2026-01-13,4471,3000,4633,USD
t000498,2026-01-13,2000,1000,224022,USD
t000499,2026-01-13,1200,3000,31677,USD
t000500,2026-01-13,4000,1000,190769,USD
t000501,2026-01-13,4000,1000,196216,USD
t000502,2026-01-13,6000,1000,133839,USD
t000503,2026-01-13,2000,1000,776,USD
t000504,2026-01-13,6000,1000,136630,USD
t000505,2026-01-13,1200,3000,12648,USD
t000506,2026-01-13,1000,4471,4568,USD
t000507,2026-01-13,4000,1000,232933,USD
t000508,2026-01-13,1000,1200,783,USD
t000509,2026-01-13,4000,1000,243562,USD
t000510,2026-01-13,4471,3000,196528,USD
t000511,2026-01-13,6000,1000,6618,USD
t000512,2026-01-13,1200,3000,122428,USD
t000513,2026-01-13,1000,1200,133927,USD
t000514,2026-01-13,1000,3000,223770,USD
t000515,2026-01-13,4000,2000,15684,USD
t000516,2026-01-13,4000,2000,216964,USD
t000517,2026-01-13,4471,3000,137702,USD
t000518,2026-01-13,1000,4471,53095,USD
t000519,2026-01-13,1000,4471,135077,USD
t000520,2026-01-14,1000,1200,4916,USD
t000521,2026-01-14,1000,3000,4729,USD
t000522,2026-01-14,2000,1000,213451,USD
t000523,2026-01-14,1200,3000,107172,USD
t000524,2026-01-14,1000,1200,57759,USD
t000525,2026-01-14,6000,1000,74882,USD
t000526,2026-01-14,4000,1000,30593,USD
t000527,2026-01-14,1200,3000,194085,USD
t000528,2026-01-14,1200,3000,4188,USD
t000529,2026-01-14,4000,2000,1994,USD
t000530,2026-01-14,1000,1200,149249,USD
t000531,2026-01-14,2000,1000,5820,USD
t000532,2026-01-14,1000,1200,58176,USD
t000533,2026-01-14,4471,3000,23871,USD
t000534,2026-01-14,4000,1000,181723,USD
t000535,2026-01-14,4000,2000,1243,USD
t000536,2026-01-14,1000,4471,9143,USD
t000537,2026-01-14,6000,1000,1318,USD
t000538,2026-01-14,4471,3000,244268,USD
t000539,2026-01-14,1000,1200,101089,USD
t000540,2026-01-14,6000,1000,238420,USD
t000541,2026-01-14,2000,1000,155284,USD
t000542,2026-01-14,1000,1200,206404,USD
t000543,2026-01-14,1000,3000,1890,USD
t000544,2026-01-14,6000,1000,218132,USD
t000545,2026-01-14,6000,1000,15212,USD
t000546,2026-01-14,1000,3000,7000,USD
t000547,2026-01-14,1000,3000,7574,USD
t000548,2026-01-14,2000,1000,72836,USD
t000549,2026-01-14,1000,1200,209316,USD
t000550,2026-01-14,1000,3000,632,USD
t000551,2026-01-14,4000,2000,1659,USD
t000552,2026-01-14,1000,4471,112528,USD
t000553,2026-01-14,1000,3000,96772,USD
t000554,2026-01-14,6000,1000,109684,USD
t000555,2026-01-14,4000,1000,49534,USD
t000556,2026-01-14,1000,3000,103814,USD
t000557,2026-01-14,6000,1000,131404,USD
t000558,2026-01-14,4000,2000,1834,USD
t000559,2026-01-14,2000,1000,1807,USD
t000560,2026-01-15,4000,2000,93004,USD
t000561,2026-01-15,2000,1000,150304,USD
t000562,2026-01-15,6000,1000,2110,USD
t000563,2026-01-15,6000,1000,127143,USD
t000564,2026-01-15,1000,4471,89836,USD
t000565,2026-01-15,1200,3000,216048,USD
t000566,2026-01-15,4000,2000,33073,USD
t000567,2026-01-15,4000,1000,30074,USD
t000568,2026-01-15,4000,2000,4969,USD
t000569,2026-01-15,4471,3000,47678,USD
t000570,2026-01-15,4000,2000,3795,USD
t000571,2026-01-15,1000,1200,741,USD
t000572,2026-01-15,4000,1000,8124,USD
t000573,2026-01-15,4000,1000,82817,USD
t000574,2026-01-15,1000,4471,174886,USD
t000575,2026-01-15,4000,1000,6457,USD
t000576,2026-01-15,1000,1200,6688,USD
t000577,2026-01-15,1000,4471,211742,USD
t000578,2026-01-15,4000,2000,8955,USD
t000579,2026-01-15,6000,1000,189109,USD
t000580,2026-01-15,1200,3000,4156,USD
t000581,2026-01-15,1000,3000,32538,USD
t000582,2026-01-15,1000,3000,30607,USD
t000583,2026-01-15,4471,3000,189556,USD
t000584,2026-01-15,1000,3000,165482,USD
t000585,2026-01-15,1000,4471,102855,USD
t000586,2026-01-15,1200,3000,223096,USD
t000587,2026-01-15,6000,1000,246159,USD
t000588,2026-01-15,6000,1000,3657,USD
t000589,2026-01-15,4000,1000,147370,USD
t000590,2026-01-15,2000,1000,1995,USD
t000591,2026-01-15,1200,3000,42567,USD
t000592,2026-01-15,1000,3000,142743,USD
t000593,2026-01-15,6000,1000,94729,USD
t000594,2026-01-15,2000,1000,59663,USD
t000595,2026-01-15,4000,2000,23833,USD
t000596,2026-01-15,4471,3000,385,USD
t000597,2026-01-15,4000,1000,236031,USD
t000598,2026-01-15,1000,1200,50023,USD
t000599,2026-01-15,1000,3000,34305,USD
t000600,2026-01-16,4000,1000,107580,USD
t000601,2026-01-16,4000,1000,6047,USD
t000602,2026-01-16,1200,3000,123443,USD
t000603,2026-01-16,1000,1200,62045,USD
t000604,2026-01-16,2000,1000,132708,USD
t000605,2026-01-16,6000,1000,235627,USD
t000606,2026-01-16,4471,3000,3786,USD
t000607,2026-01-16,1000,3000,228169,USD
t000608,2026-01-16,4000,1000,6529,USD
t000609,2026-01-16,1200,3000,159368,USD
t000610,2026-01-16,1000,1200,4885,USD
t000611,2026-01-16,4000,1000,1490,USD
t000612,2026-01-16,6000,1000,99880,USD
t000613,2026-01-16,4471,3000,121481,USD
t000614,2026-01-16,4000,1000,113990,USD
t000615,2026-01-16,2000,1000,133609,USD
t000616,2026-01-16,2000,1000,23905,USD
t000617,2026-01-16,1000,3000,159621,USD
t000618,2026-01-16,6000,1000,22715,USD
t000619,2026-01-16,4000,2000,9876,USD
t000620,2026-01-16,4471,3000,354,USD
t000621,2026-01-16,2000,1000,235032,USD
t000622,2026-01-16,6000,1000,184452,USD
t000623,2026-01-16,1200,3000,236738,USD
t000624,2026-01-16,6000,1000,2211,USD
t000625,2026-01-16,1200,3000,173832,USD
t000626,2026-01-16,1000,3000,205793,USD
t000627,2026-01-16,6000,1000,66717,USD
t000628,2026-01-16,1200,3000,220483,USD
t000629,2026-01-16,6000,1000,49004,USD
t000630,2026-01-16,2000,1000,4506,USD
t000631,2026-01-16,1000,1200,439,USD
t000632,2026-01-16,1000,3000,3540,USD
t000633,2026-01-16,1000,4471,120357,USD
t000634,2026-01-16,4471,3000,78395,USD
t000635,2026-01-16,1000,4471,188547,USD
t000636,2026-01-16,6000,1000,9710,USD
t000637,2026-01-16,2000,1000,753,USD
t000638,2026-01-16,4471,3000,233562,USD
t000639,2026-01-16,1000,3000,4427,USD
t000640,2026-01-17,6000,1000,80599,USD
t000641,2026-01-17,4000,1000,6365,USD
t000642,2026-01-17,4471,3000,240430,USD
t000643,2026-01-17,1000,1200,246922,USD
t000644,2026-01-17,4000,1000,9079,USD
t000645,2026-01-17,4000,2000,8757,USD
t000646,2026-01-17,1000,1200,81712,USD
t000647,2026-01-17,1000,3000,16231,USD
t000648,2026-01-17,6000,1000,4268,USD
t000649,2026-01-17,2000,1000,218578,USD
t000650,2026-01-17,1000,4471,142757,USD
t000651,2026-01-17,1200,3000,6553,USD
t000652,2026-01-17,4471,3000,75271,USD
t000653,2026-01-17,4000,1000,152733,USD
t000654,2026-01-17,6000,1000,82502,USD
t000655,2026-01-17,6000,1000,8645,USD
t000656,2026-01-17,1200,3000,153620,USD
t000657,2026-01-17,1200,3000,156146,USD
t000658,2026-01-17,4000,2000,205145,USD
t000659,2026-01-17,6000,1000,35754,USD
t000660,2026-01-17,1200,3000,112941,USD
t000661,2026-01-17,1000,1200,72457,USD
t000662,2026-01-17,2000,1000,122563,USD
t000663,2026-01-17,4471,3000,208794,USD
t000664,2026-01-17,1000,1200,2611,USD
t000665,2026-01-17,1000,4471,89424,USD
t000666,2026-01-17,1000,3000,123028,USD
t000667,2026-01-17,4471,3000,157609,USD
t000668,2026-01-17,4000,1000,238576,USD
t000669,2026-01-17,4000,2000,123769,USD
t000670,2026-01-17,4471,3000,909,USD
t000671,2026-01-17,2000,1000,110480,USD
t000672,2026-01-17,6000,1000,3028,USD
t000673,2026-01-17,4000,2000,95242,USD
t000674,2026-01-17,1000,3000,80938,USD
t000675,2026-01-17,4000,2000,69121,USD
t000676,2026-01-17,4000,1000,81716,USD
t000677,2026-01-17,4000,2000,149008,USD
t000678,2026-01-17,4000,1000,7558,USD
t000679,2026-01-17,6000,1000,5879,USD
t000680,2026-01-18,1000,1200,124755,USD
t000681,2026-01-18,2000,1000,190878,USD
t000682,2026-01-18,6000,1000,33405,USD
t000683,2026-01-18,1000,3000,195101,USD
t000684,2026-01-18,4000,1000,8928,USD
t000685,2026-01-18,4000,1000,197493,USD
t000686,2026-01-18,4000,1000,44354,USD
t000687,2026-01-18,4000,2000,51549,USD
t000688,2026-01-18,6000,1000,136478,USD
t000689,2026-01-18,2000,1000,213795,USD
t000690,2026-01-18,1200,3000,217430,USD
t000691,2026-01-18,1000,4471,198585,USD
t000692,2026-01-18,1000,3000,86071,USD
t000693,2026-01-18,1000,1200,31316,USD
t000694,2026-01-18,1000,1200,103853,USD
t000695,2026-01-18,1000,4471,5016,USD
t000696,2026-01-18,2000,1000,175062,USD
t000697,2026-01-18,4000,2000,55345,USD
t000698,2026-01-18,4471,3000,192743,USD
t000699,2026-01-18,1000,4471,41594,USD
t000700,2026-01-18,4000,1000,144938,USD
t000701,2026-01-18,1000,1200,7814,USD
t000702,2026-01-18,4000,2000,125080,USD
t000703,2026-01-18,4000,1000,77780,USD
t000704,2026-01-18,1000,1200,2693,USD
t000705,2026-01-18,1000,1200,225413,USD
t000706,2026-01-18,6000,1000,38273,USD
t000707,2026-01-18,4000,1000,134489,USD
t000708,2026-01-18,4000,2000,5827,USD
t000709,2026-01-18,6000,1000,2925,USD
t000710,2026-01-18,4000,1000,164698,USD
t000711,2026-01-18,2000,1000,55311,USD
t000712,2026-01-18,1000,4471,3168,USD
t000713,2026-01-18,4000,2000,228525,USD
t000714,2026-01-18,1000,1200,11799,USD
t000715,2026-01-18,1000,1200,141006,USD
t000716,2026-01-18,4000,2000,189782,USD
t000717,2026-01-18,2000,1000,195184,USD
t000718,2026-01-18,2000,1000,127,USD
t000719,2026-01-18,6000,1000,86575,USD
t000720,2026-01-19,1000,4471,919,USD
t000721,2026-01-19,6000,1000,8913,USD
t000722,2026-01-19,1000,3000,1781,USD
t000723,2026-01-19,4000,1000,90385,USD
t000724,2026-01-19,6000,1000,141033,USD
t000725,2026-01-19,6000,1000,33339,USD
t000726,2026-01-19,2000,1000,128879,USD
t000727,2026-01-19,6000,1000,1210,USD
t000728,2026-01-19,1200,3000,3455,USD
t000729,2026-01-19,6000,1000,3617,USD
t000730,2026-01-19,4000,2000,33541,USD
t000731,2026-01-19,1000,3000,6805,USD
t000732,2026-01-19,1000,3000,67935,USD
t000733,2026-01-19,2000,1000,131249,USD
t000734,2026-01-19,1000,4471,4214,USD
t000735,2026-01-19,1200,3000,175349,USD
t000736,2026-01-19,6000,1000,162660,USD
t000737,2026-01-19,1000,1200,17024,USD
t000738,2026-01-19,6000,1000,223956,USD
t000739,2026-01-19,1200,3000,2103,USD
t000740,2026-01-19,4471,3000,219720,USD
t000741,2026-01-19,2000,1000,73144,USD
t000742,2026-01-19,4000,2000,21862,USD
t000743,2026-01-19,1000,1200,78248,USD
t000744,2026-01-19,4000,2000,245056,USD
t000745,2026-01-19,4000,1000,41672,USD
t000746,2026-01-19,6000,1000,5928,USD
t000747,2026-01-19,1000,3000,166495,USD
t000748,2026-01-19,6000,1000,12649,USD
t000749,2026-01-19,4000,2000,2454,USD
t000750,2026-01-19,1000,4471,40753,USD
t000751,2026-01-19,4000,1000,50625,USD
t000752,2026-01-19,1000,1200,172144,USD
t000753,2026-01-19,4471,3000,7532,USD
t000754,2026-01-19,6000,1000,229662,USD
t000755,2026-01-19,2000,1000,14340,USD
t000756,2026-01-19,4000,2000,183790,USD
t000757,2026-01-19,6000,1000,3171,USD
t000758,2026-01-19,4000,1000,7342,USD
t000759,2026-01-19,4000,2000,184000,USD
t000760,2026-01-20,6000,1000,1300,USD
t000761,2026-01-20,6000,1000,102775,USD
t000762,2026-01-20,1000,1200,55587,USD
t000763,2026-01-20,1200,3000,7178,USD
t000764,2026-01-20,4471,3000,158639,USD
t000765,2026-01-20,4000,1000,8530,USD
t000766,2026-01-20,1000,3000,74434,USD
t000767,2026-01-20,2000,1000,142,USD
t000768,2026-01-20,6000,1000,57688,USD
t000769,2026-01-20,4471,3000,207612,USD
t000770,2026-01-20,2000,1000,3829,USD
t000771,2026-01-20,4000,2000,73139,USD
t000772,2026-01-20,2000,1000,7914,USD
t000773,2026-01-20,4000,2000,146398,USD
t000774,2026-01-20,4471,3000,6870,USD
t000775,2026-01-20,1200,3000,13830,USD
t000776,2026-01-20,6000,1000,219379,USD
t000777,2026-01-20,4000,1000,7482,USD
t000778,2026-01-20,2000,1000,22641,USD
t000779,2026-01-20,4000,1000,221521,USD
t000780,2026-01-20,6000,1000,171369,USD
t000781,2026-01-20,2000,1000,145453,USD
t000782,2026-01-20,6000,1000,182668,USD
t000783,2026-01-20,1000,1200,18081,USD
t000784,2026-01-20,4000,1000,31336,USD
t000785,2026-01-20,1000,4471,9811,USD
t000786,2026-01-20,1000,4471,9749,USD
t000787,2026-01-20,1000,3000,57604,USD
t000788,2026-01-20,1000,3000,246305,USD
t000789,2026-01-20,4000,1000,6898,USD
t000790,2026-01-20,4000,1000,95500,USD
t000791,2026-01-20,6000,1000,4845,USD
t000792,2026-01-20,4000,1000,167918,USD
t000793,2026-01-20,6000,1000,165650,USD
t000794,2026-01-20,6000,1000,199011,USD
t000795,2026-01-20,4471,3000,226322,USD
t000796,2026-01-20,6000,1000,736,USD
t000797,2026-01-20,1000,1200,3755,USD
t000798,2026-01-20,4471,3000,9151,USD
t000799,2026-01-20,1000,4471,222690,USD
t000800,2026-01-21,1200,3000,14085,USD
t000801,2026-01-21,1200,3000,96313,USD
t000802,2026-01-21,1000,3000,56067,USD
t000803,2026-01-21,1000,3000,9318,USD
t000804,2026-01-21,4000,1000,9066,USD
t000805,2026-01-21,4000,2000,148367,USD
t000806,2026-01-21,2000,1000,18353,USD
t000807,2026-01-21,2000,1000,156727,USD
t000808,2026-01-21,2000,1000,8894,USD
t000809,2026-01-21,1000,4471,117926,USD
t000810,2026-01-21,4000,1000,124107,USD
t000811,2026-01-21,1200,3000,3346,USD
t000812,2026-01-21,4000,1000,6345,USD
t000813,2026-01-21,1000,3000,248222,USD
t000814,2026-01-21,4471,3000,79917,USD
t000815,2026-01-21,2000,1000,149053,USD
t000816,2026-01-21,4000,2000,19365,USD
t000817,2026-01-21,1000,4471,22229,USD
t000818,2026-01-21,1000,3000,5599,USD
t000819,2026-01-21,6000,1000,198981,USD
t000820,2026-01-21,1200,3000,48737,USD
t000821,2026-01-21,6000,1000,5511,USD
t000822,2026-01-21,4000,2000,49069,USD
t000823,2026-01-21,4471,3000,126660,USD
t000824,2026-01-21,1200,3000,72141,USD
t000825,2026-01-21,1000,1200,5902,USD
t000826,2026-01-21,1000,1200,1692,USD
t000827,2026-01-21,1000,4471,241246,USD
t000828,2026-01-21,4471,3000,97117,USD
t000829,2026-01-21,4000,1000,162202,USD
t000830,2026-01-21,4000,2000,9105,USD
t000831,2026-01-21,1000,1200,169630,USD
t000832,2026-01-21,6000,1000,49011,USD
t000833,2026-01-21,2000,1000,155516,USD
t000834,2026-01-21,1000,1200,193,USD
t000835,2026-01-21,4000,2000,106301,USD
t000836,2026-01-21,1200,3000,57210,USD
t000837,2026-01-21,2000,1000,8835,USD
t000838,2026-01-21,4471,3000,7379,USD
t000839,2026-01-21,4000,2000,171855,USD
t000840,2026-01-22,1000,1200,6037,USD
t000841,2026-01-22,2000,1000,13781,USD
t000842,2026-01-22,2000,1000,227036,USD
t000843,2026-01-22,1000,1200,146984,USD
t000844,2026-01-22,1000,1200,628,USD
t000845,2026-01-22,4000,2000,108661,USD
t000846,2026-01-22,4000,2000,17010,USD
t000847,2026-01-22,4000,2000,70998,USD
t000848,2026-01-22,1000,3000,4802,USD
t000849,2026-01-22,6000,1000,129998,USD
t000850,2026-01-22,1200,3000,158503,USD
t000851,2026-01-22,4471,3000,181,USD
t000852,2026-01-22,6000,1000,155535,USD
t000853,2026-01-22,6000,1000,85563,USD
t000854,2026-01-22,1000,4471,102971,USD
t000855,2026-01-22,1200,3000,149621,USD
t000856,2026-01-22,1000,1200,146217,USD
t000857,2026-01-22,1000,3000,4134,USD
t000858,2026-01-22,6000,1000,52902,USD
t000859,2026-01-22,4000,2000,193530,USD
t000860,2026-01-22,1000,3000,13337,USD
t000861,2026-01-22,1000,1200,119107,USD
t000862,2026-01-22,1000,1200,22124,USD
t000863,2026-01-22,4000,1000,4426,USD
t000864,2026-01-22,1000,1200,48954,USD
t000865,2026-01-22,2000,1000,156458,USD
t000866,2026-01-22,1000,1200,193921,USD
t000867,2026-01-22,1000,3000,9221,USD
t000868,2026-01-22,1000,3000,111851,USD
t000869,2026-01-22,4471,3000,217952,USD
t000870,2026-01-22,4000,1000,4683,USD
t000871,2026-01-22,2000,1000,726,USD
t000872,2026-01-22,1000,1200,18011,USD
t000873,2026-01-22,4000,2000,190109,USD
t000874,2026-01-22,1000,4471,162905,USD
t000875,2026-01-22,6000,1000,9426,USD
t000876,2026-01-22,1200,3000,110983,USD
t000877,2026-01-22,4000,1000,205001,USD
t000878,2026-01-22,1000,1200,162416,USD
t000879,2026-01-22,6000,1000,64171,USD
t000880,2026-01-23,4000,2000,111663,USD
t000881,2026-01-23,2000,1000,172504,USD
t000882,2026-01-23,4000,1000,166932,USD
t000883,2026-01-23,1000,3000,6087,USD
t000884,2026-01-23,1000,3000,66029,USD
t000885,2026-01-23,1000,1200,91922,USD
t000886,2026-01-23,1200,3000,6766,USD
t000887,2026-01-23,4000,2000,59164,USD
t000888,2026-01-23,4000,1000,1190,USD
t000889,2026-01-23,4000,1000,5509,USD
t000890,2026-01-23,4000,1000,140152,USD
t000891,2026-01-23,1000,3000,155519,USD
t000892,2026-01-23,2000,1000,6411,USD
t000893,2026-01-23,4471,3000,41444,USD
t000894,2026-01-23,1200,3000,451,USD
t000895,2026-01-23,4471,3000,22356,USD
t000896,2026-01-23,1000,1200,1790,USD
t000897,2026-01-23,2000,1000,8188,USD
t000898,2026-01-23,1000,1200,72794,USD
t000899,2026-01-23,4000,1000,78439,USD
t000900,2026-01-23,1200,3000,6770,USD
t000901,2026-01-23,1000,3000,227148,USD
t000902,2026-01-23,1200,3000,21278,USD
t000903,2026-01-23,1200,3000,50123,USD
t000904,2026-01-23,1000,3000,92125,USD
t000905,2026-01-23,1000,4471,117788,USD
t000906,2026-01-23,4471,3000,23618,USD
t000907,2026-01-23,1000,3000,198927,USD
t000908,2026-01-23,1000,4471,7536,USD
t000909,2026-01-23,4471,3000,69362,USD
t000910,2026-01-23,1200,3000,1999,USD
t000911,2026-01-23,1200,3000,122826,USD
t000912,2026-01-23,2000,1000,92343,USD
t000913,2026-01-23,1000,3000,2537,USD
t000914,2026-01-23,1000,3000,2056,USD
t000915,2026-01-23,4471,3000,9102,USD
t000916,2026-01-23,4000,1000,196145,USD
t000917,2026-01-23,1000,1200,224055,USD
t000918,2026-01-23,4000,2000,38364,USD
t000919,2026-01-23,6000,1000,38706,USD
t000920,2026-01-24,4471,3000,11386,USD
t000921,2026-01-24,2000,1000,216154,USD
t000922,2026-01-24,1000,4471,205798,USD
t000923,2026-01-24,4000,2000,11910,USD
t000924,2026-01-24,4000,1000,2455,USD
t000925,2026-01-24,6000,1000,202,USD
t000926,2026-01-24,2000,1000,7073,USD
t000927,2026-01-24,2000,1000,1222,USD
t000928,2026-01-24,4471,3000,8847,USD
t000929,2026-01-24,4000,1000,249616,USD
t000930,2026-01-24,1200,3000,124381,USD
t000931,2026-01-24,6000,1000,8099,USD
t000932,2026-01-24,1000,1200,2565,USD
t000933,2026-01-24,2000,1000,7136,USD
t000934,2026-01-24,4000,1000,186007,USD
t000935,2026-01-24,4000,2000,42284,USD
t000936,2026-01-24,1200,3000,1862,USD
t000937,2026-01-24,6000,1000,6708,USD
t000938,2026-01-24,1200,3000,105818,USD
t000939,2026-01-24,2000,1000,164307,USD
t000940,2026-01-24,6000,1000,85805,USD
t000941,2026-01-24,4000,1000,196541,USD
t000942,2026-01-24,6000,1000,4849,USD
t000943,2026-01-24,1000,4471,244121,USD
t000944,2026-01-24,1000,1200,129379,USD
t000945,2026-01-24,4000,2000,22083,USD
t000946,2026-01-24,1200,3000,63416,USD
t000947,2026-01-24,1000,4471,1799,USD
t000948,2026-01-24,2000,1000,68559,USD
t000949,2026-01-24,1000,3000,4198,USD
t000950,2026-01-24,2000,1000,4208,USD
t000951,2026-01-24,4000,2000,18915,USD
t000952,2026-01-24,1000,1200,9822,USD
t000953,2026-01-24,4000,1000,228409,USD
t000954,2026-01-24,2000,1000,2202,USD
t000955,2026-01-24,4000,1000,216673,USD
t000956,2026-01-24,1000,1200,20655,USD
t000957,2026-01-24,4471,3000,134509,USD
t000958,2026-01-24,4000,1000,210954,USD
t000959,2026-01-24,1000,3000,175647,USD
t000960,2026-01-25,4000,2000,123484,USD
t000961,2026-01-25,4000,2000,1659,USD
t000962,2026-01-25,6000,1000,153160,USD
t000963,2026-01-25,1000,3000,27878,USD
t000964,2026-01-25,4000,2000,198668,USD
t000965,2026-01-25,4000,2000,17843,USD
t000966,2026-01-25,4000,1000,129905,USD
t000967,2026-01-25,1000,4471,174,USD
t000968,2026-01-25,4000,2000,190333,USD
t000969,2026-01-25,2000,1000,248407,USD
t000970,2026-01-25,4000,2000,27727,USD
t000971,2026-01-25,4000,2000,236878,USD
t000972,2026-01-25,4000,2000,105783,USD
t000973,2026-01-25,1000,1200,64065,USD
t000974,2026-01-25,1200,3000,6368,USD
t000975,2026-01-25,1000,1200,9938,USD
t000976,2026-01-25,1000,1200,4585,USD
t000977,2026-01-25,4000,2000,39515,USD
t000978,2026-01-25,1000,3000,17996,USD
t000979,2026-01-25,1000,1200,2376,USD
t000980,2026-01-25,6000,1000,217921,USD
t000981,2026-01-25,1000,3000,1114,USD
t000982,2026-01-25,4000,1000,197400,USD
t000983,2026-01-25,1200,3000,15307,USD
t000984,2026-01-25,1000,1200,91068,USD
t000985,2026-01-25,2000,1000,30700,USD
t000986,2026-01-25,1200,3000,2356,USD
t000987,2026-01-25,4471,3000,120452,USD
t000988,2026-01-25,1000,1200,203029,USD
t000989,2026-01-25,6000,1000,217374,USD
t000990,2026-01-25,1200,3000,229840,USD
t000991,2026-01-25,1000,3000,163918,USD
t000992,2026-01-25,1000,3000,91514,USD
t000993,2026-01-25,1000,4471,9861,USD
t000994,2026-01-25,1000,1200,619,USD
t000995,2026-01-25,1000,3000,47734,USD
t000996,2026-01-25,1000,4471,227093,USD
t000997,2026-01-25,1000,3000,1684,USD
t000998,2026-01-25,2000,1000,8978,USD
t000999,2026-01-25,1000,3000,55701,USD
t001000,2026-01-26,1000,1200,4467,USD
t001001,2026-01-26,4471,3000,35858,USD
t001002,2026-01-26,1200,3000,33634,USD
t001003,2026-01-26,6000,1000,185172,USD
t001004,2026-01-26,1200,3000,2186,USD
t001005,2026-01-26,1200,3000,19200,USD
t001006,2026-01-26,1200,3000,31432,USD
t001007,2026-01-26,4000,1000,4873,USD
t001008,2026-01-26,2000,1000,15769,USD
t001009,2026-01-26,1000,1200,126184,USD
t001010,2026-01-26,2000,1000,239722,USD
t001011,2026-01-26,4000,1000,236618,USD
t001012,2026-01-26,4000,1000,137280,USD
t001013,2026-01-26,2000,1000,1985,USD
t001014,2026-01-26,6000,1000,163601,USD
t001015,2026-01-26,1200,3000,9212,USD
t001016,2026-01-26,4000,1000,113814,USD
t001017,2026-01-26,1000,3000,194702,USD
t001018,2026-01-26,6000,1000,8645,USD
t001019,2026-01-26,2000,1000,8322,USD
t001020,2026-01-26,1000,3000,175925,USD
t001021,2026-01-26,1000,3000,172586,USD
t001022,2026-01-26,2000,1000,41027,USD
t001023,2026-01-26,1000,4471,246174,USD
t001024,2026-01-26,2000,1000,63318,USD
t001025,2026-01-26,4000,1000,170671,USD
t001026,2026-01-26,2000,1000,68591,USD
t001027,2026-01-26,1200,3000,12246,USD
t001028,2026-01-26,1000,1200,78108,USD
t001029,2026-01-26,1000,3000,197,USD
t001030,2026-01-26,1000,3000,6639,USD
t001031,2026-01-26,1000,3000,205983,USD
t001032,2026-01-26,4000,1000,190772,USD
t001033,2026-01-26,4471,3000,9745,USD
t001034,2026-01-26,4000,1000,91629,USD
t001035,2026-01-26,1200,3000,100809,USD
t001036,2026-01-26,4471,3000,38405,USD
t001037,2026-01-26,4000,2000,140630,USD
t001038,2026-01-26,1200,3000,181250,USD
t001039,2026-01-26,2000,1000,81549,USD
t001040,2026-01-27,1000,1200,203550,USD
t001041,2026-01-27,4000,2000,9943,USD
t001042,2026-01-27,1200,3000,129089,USD
t001043,2026-01-27,1200,3000,9634,USD
t001044,2026-01-27,1000,1200,96536,USD
t001045,2026-01-27,1200,3000,225034,USD
t001046,2026-01-27,4000,1000,5848,USD
t001047,2026-01-27,6000,1000,182735,USD
t001048,2026-01-27,1000,3000,107602,USD
t001049,2026-01-27,1000,3000,45769,USD
t001050,2026-01-27,4000,1000,9673,USD
t001051,2026-01-27,4000,2000,47583,USD
t001052,2026-01-27,6000,1000,9803,USD
t001053,2026-01-27,1000,4471,177835,USD
t001054,2026-01-27,4000,1000,247717,USD
t001055,2026-01-27,6000,1000,236465,USD
t001056,2026-01-27,1000,3000,5867,USD
t001057,2026-01-27,4000,2000,17998,USD
t001058,2026-01-27,1000,1200,364,USD
t001059,2026-01-27,6000,1000,12810,USD
t001060,2026-01-27,2000,1000,3104,USD
t001061,2026-01-27,4000,2000,163057,USD
t001062,2026-01-27,6000,1000,5553,USD
t001063,2026-01-27,4000,2000,94997,USD
t001064,2026-01-27,2000,1000,1705,USD
t001065,2026-01-27,1000,3000,9630,USD
t001066,2026-01-27,4471,3000,1028,USD
t001067,2026-01-27,1000,4471,233467,USD
t001068,2026-01-27,1200,3000,5071,USD
t001069,2026-01-27,4471,3000,151076,USD
t001070,2026-01-27,4000,2000,174439,USD
t001071,2026-01-27,1200,3000,160122,USD
t001072,2026-01-27,1200,3000,94370,USD
t001073,2026-01-27,1200,3000,38915,USD
t001074,2026-01-27,2000,1000,128972,USD
t001075,2026-01-27,6000,1000,67604,USD
t001076,2026-01-27,4000,2000,55093,USD
t001077,2026-01-27,1000,1200,50366,USD
t001078,2026-01-27,4000,1000,21713,USD
t001079,2026-01-27,1000,4471,193744,USD
t001080,2026-01-28,4000,2000,7292,USD
t001081,2026-01-28,4000,1000,7219,USD
t001082,2026-01-28,1200,3000,57490,USD
t001083,2026-01-28,6000,1000,2667,USD
t001084,2026-01-28,4000,2000,8886,USD
t001085,2026-01-28,4000,2000,71767,USD
t001086,2026-01-28,1200,3000,8980,USD
t001087,2026-01-28,1200,3000,7817,USD
t001088,2026-01-28,1200,3000,210709,USD
t001089,2026-01-28,1000,3000,132797,USD
t001090,2026-01-28,1000,1200,59527,USD
t001091,2026-01-28,1200,3000,217164,USD
t001092,2026-01-28,4471,3000,16181,USD
t001093,2026-01-28,1200,3000,219980,USD
t001094,2026-01-28,1000,3000,215472,USD
t001095,2026-01-28,1000,1200,73450,USD
t001096,2026-01-28,4471,3000,114440,USD
t001097,2026-01-28,4000,1000,202862,USD
t001098,2026-01-28,1000,1200,190840,USD
t001099,2026-01-28,6000,1000,242944,USD
t001100,2026-01-28,4471,3000,88077,USD
t001101,2026-01-28,4000,2000,160624,USD
t001102,2026-01-28,1200,3000,122888,USD
t001103,2026-01-28,4000,1000,8158,USD
t001104,2026-01-28,6000,1000,27439,USD
t001105,2026-01-28,2000,1000,884,USD
t001106,2026-01-28,4000,1000,77202,USD
t001107,2026-01-28,4000,1000,6909,USD
t001108,2026-01-28,2000,1000,54727,USD
t001109,2026-01-28,6000,1000,5730,USD
t001110,2026-01-28,4000,1000,5450,USD
t001111,2026-01-28,4000,2000,58715,USD
t001112,2026-01-28,1200,3000,74161,USD
t001113,2026-01-28,1000,4471,121392,USD
t001114,2026-01-28,4000,1000,1770,USD
t001115,2026-01-28,2000,1000,218312,USD
t001116,2026-01-28,1000,1200,213213,USD
t001117,2026-01-28,4000,2000,25115,USD
t001118,2026-01-28,4471,3000,197848,USD
t001119,2026-01-28,6000,1000,172818,USD
t001120,2026-02-01,1200,3000,227446,USD
t001121,2026-02-01,4000,2000,8391,USD
t001122,2026-02-01,6000,1000,95988,USD
t001123,2026-02-01,2000,1000,161974,USD
t001124,2026-02-01,1000,4471,182361,USD
t001125,2026-02-01,2000,1000,197687,USD
t001126,2026-02-01,1000,3000,8713,USD
t001127,2026-02-01,1000,3000,9665,USD
t001128,2026-02-01,6000,1000,7343,USD
t001129,2026-02-01,4471,3000,45944,USD
t001130,2026-02-01,1000,4471,174672,USD
t001131,2026-02-01,6000,1000,211693,USD
t001132,2026-02-01,1200,3000,157481,USD
t001133,2026-02-01,6000,1000,1015,USD
t001134,2026-02-01,1000,3000,9544,USD
t001135,2026-02-01,1200,3000,167145,USD
t001136,2026-02-01,1000,3000,159348,USD
t001137,2026-02-01,4000,1000,96265,USD
t001138,2026-02-01,2000,1000,133279,USD
t001139,2026-02-01,1000,1200,121799,USD
t001140,2026-02-01,2000,1000,101838,USD
t001141,2026-02-01,1200,3000,43318,USD
t001142,2026-02-01,1200,3000,138888,USD
t001143,2026-02-01,4000,2000,8551,USD
t001144,2026-02-01,1000,4471,146666,USD
t001145,2026-02-01,1200,3000,3637,USD
t001146,2026-02-01,1000,3000,80857,USD
t001147,2026-02-01,6000,1000,1942,USD
t001148,2026-02-01,2000,1000,33149,USD
t001149,2026-02-01,1000,4471,118978,USD
t001150,2026-02-01,1000,1200,201798,USD
t001151,2026-02-01,2000,1000,49979,USD
t001152,2026-02-01,6000,1000,77308,USD
t001153,2026-02-01,1200,3000,14111,USD
t001154,2026-02-01,6000,1000,76660,USD
t001155,2026-02-01,4000,2000,175711,USD
t001156,2026-02-01,1200,3000,122383,USD
t001157,2026-02-01,2000,1000,54241,USD
t001158,2026-02-01,2000,1000,128490,USD
t001159,2026-02-01,1000,4471,86497,USD
t001160,2026-02-02,2000,1000,58959,USD
t001161,2026-02-02,4000,2000,43385,USD
t001162,2026-02-02,2000,1000,34730,USD
t001163,2026-02-02,6000,1000,9253,USD
t001164,2026-02-02,4471,3000,118968,USD
t001165,2026-02-02,1000,3000,133835,USD
t001166,2026-02-02,1000,3000,159833,USD
t001167,2026-02-02,1200,3000,1967,USD
t001168,2026-02-02,1000,1200,106152,USD
t001169,2026-02-02,1000,1200,1669,USD
t001170,2026-02-02,1200,3000,123487,USD
t001171,2026-02-02,4471,3000,1374,USD
t001172,2026-02-02,1000,3000,10213,USD
t001173,2026-02-02,4000,2000,103261,USD
t001174,2026-02-02,1000,3000,4139,USD
t001175,2026-02-02,4471,3000,9311,USD
t001176,2026-02-02,1000,1200,129389,USD
t001177,2026-02-02,1200,3000,233568,USD
t001178,2026-02-02,6000,1000,157142,USD
t001179,2026-02-02,1200,3000,9074,USD
t001180,2026-02-02,1000,3000,185063,USD
t001181,2026-02-02,1000,3000,101573,USD
t001182,2026-02-02,1000,3000,209734,USD
t001183,2026-02-02,4000,2000,6746,USD
t001184,2026-02-02,4000,2000,141090,USD
t001185,2026-02-02,4000,1000,6009,USD
t001186,2026-02-02,4471,3000,224577,USD
t001187,2026-02-02,1000,4471,6612,USD
t001188,2026-02-02,1000,1200,99781,USD
t001189,2026-02-02,2000,1000,128069,USD
t001190,2026-02-02,4471,3000,79467,USD
t001191,2026-02-02,1000,4471,138724,USD
t001192,2026-02-02,4000,1000,774,USD
t001193,2026-02-02,2000,1000,182180,USD
t001194,2026-02-02,6000,1000,581,USD
t001195,2026-02-02,1200,3000,122756,USD
t001196,2026-02-02,1000,4471,91737,USD
t001197,2026-02-02,4000,2000,152526,USD
t001198,2026-02-02,1000,3000,1049,USD
t001199,2026-02-02,1000,1200,195213,USD
t001200,2026-02-03,4471,3000,13581,USD
t001201,2026-02-03,2000,1000,118399,USD
t001202,2026-02-03,4471,3000,6049,USD
t001203,2026-02-03,4471,3000,103173,USD
t001204,2026-02-03,1000,1200,221305,USD
t001205,2026-02-03,4000,1000,59426,USD
t001206,2026-02-03,1000,1200,228673,USD
t001207,2026-02-03,1200,3000,50011,USD
t001208,2026-02-03,1200,3000,3495,USD
t001209,2026-02-03,1000,1200,21909,USD
t001210,2026-02-03,1000,1200,40491,USD
t001211,2026-02-03,2000,1000,41863,USD
t001212,2026-02-03,1000,3000,93481,USD
t001213,2026-02-03,1000,3000,623,USD
t001214,2026-02-03,1200,3000,15611,USD
t001215,2026-02-03,4000,1000,189896,USD
t001216,2026-02-03,4000,1000,139852,USD
t001217,2026-02-03,1200,3000,76690,USD
t001218,2026-02-03,6000,1000,91458,USD
t001219,2026-02-03,1000,1200,34929,USD
t001220,2026-02-03,4000,1000,63199,USD
t001221,2026-02-03,4000,1000,145579,USD
t001222,2026-02-03,1200,3000,8798,USD
t001223,2026-02-03,1200,3000,133058,USD
t001224,2026-02-03,2000,1000,249861,USD
t001225,2026-02-03,4000,2000,14361,USD
t001226,2026-02-03,1000,1200,175844,USD
t001227,2026-02-03,1000,1200,202846,USD
t001228,2026-02-03,1200,3000,66101,USD
t001229,2026-02-03,1000,1200,66440,USD
t001230,2026-02-03,4000,2000,5211,USD
t001231,2026-02-03,4000,2000,103445,USD
t001232,2026-02-03,6000,1000,174431,USD
t001233,2026-02-03,1200,3000,110645,USD
t001234,2026-02-03,1000,3000,1009,USD
t001235,2026-02-03,2000,1000,4108,USD
t001236,2026-02-03,4000,2000,171733,USD
t001237,2026-02-03,1200,3000,58727,USD
t001238,2026-02-03,1000,1200,9368,USD
t001239,2026-02-03,4000,1000,223337,USD
t001240,2026-02-04,4471,3000,92829,USD
t001241,2026-02-04,4000,1000,167439,USD
t001242,2026-02-04,4000,1000,18117,USD
t001243,2026-02-04,1000,3000,5760,USD
t001244,2026-02-04,2000,1000,103559,USD
t001245,2026-02-04,4471,3000,45749,USD
t001246,2026-02-04,1000,1200,8675,USD
t001247,2026-02-04,4000,2000,5456,USD
t001248,2026-02-04,4471,3000,48773,USD
t001249,2026-02-04,1000,4471,146084,USD
t001250,2026-02-04,2000,1000,133411,USD
t001251,2026-02-04,1200,3000,189871,USD
t001252,2026-02-04,4471,3000,242088,USD
t001253,2026-02-04,4000,1000,125630,USD
t001254,2026-02-04,4000,1000,112129,USD
t001255,2026-02-04,4000,1000,2877,USD
t001256,2026-02-04,4471,3000,58970,USD
t001257,2026-02-04,4471,3000,193611,USD
t001258,2026-02-04,6000,1000,169734,USD
t001259,2026-02-04,6000,1000,210169,USD
t001260,2026-02-04,4000,1000,3651,USD
t001261,2026-02-04,4000,1000,9225,USD
t001262,2026-02-04,4000,1000,167523,USD
t001263,2026-02-04,1000,4471,76553,USD
t001264,2026-02-04,1200,3000,95092,USD
t001265,2026-02-04,4000,1000,61504,USD
t001266,2026-02-04,4000,1000,108875,USD
t001267,2026-02-04,4000,1000,107797,USD
t001268,2026-02-04,1000,1200,189046,USD
t001269,2026-02-04,4000,1000,155084,USD
t001270,2026-02-04,1200,3000,2342,USD
t001271,2026-02-04,1000,1200,220238,USD
t001272,2026-02-04,1000,3000,154551,USD
t001273,2026-02-04,6000,1000,244162,USD
t001274,2026-02-04,4000,1000,226460,USD
t001275,2026-02-04,1000,1200,4779,USD
t001276,2026-02-04,1000,1200,53043,USD
t001277,2026-02-04,1000,3000,147591,USD
t001278,2026-02-04,4000,1000,5983,USD
t001279,2026-02-04,1000,4471,12402,USD
t001280,2026-02-05,2000,1000,5520,USD
t001281,2026-02-05,1000,3000,24157,USD
t001282,2026-02-05,6000,1000,3716,USD
t001283,2026-02-05,6000,1000,3368,USD
t001284,2026-02-05,4000,2000,142653,USD
t001285,2026-02-05,1000,3000,77409,USD
t001286,2026-02-05,1200,3000,184520,USD
t001287,2026-02-05,4000,2000,7323,USD
t001288,2026-02-05,1000,1200,126091,USD
t001289,2026-02-05,4471,3000,9985,USD
t001290,2026-02-05,4000,2000,91170,USD
t001291,2026-02-05,1000,1200,190505,USD
t001292,2026-02-05,4000,2000,210172,USD
t001293,2026-02-05,4000,1000,185429,USD
t001294,2026-02-05,2000,1000,173589,USD
t001295,2026-02-05,1000,3000,151431,USD
t001296,2026-02-05,1200,3000,78299,USD
t001297,2026-02-05,6000,1000,157207,USD
t001298,2026-02-05,2000,1000,6413,USD
t001299,2026-02-05,1200,3000,7280,USD
t001300,2026-02-05,4000,1000,4460,USD
t001301,2026-02-05,4000,2000,67855,USD
t001302,2026-02-05,6000,1000,226995,USD
t001303,2026-02-05,4000,1000,1692,USD
t001304,2026-02-05,1200,3000,98959,USD
t001305,2026-02-05,2000,1000,37974,USD
t001306,2026-02-05,2000,1000,1915,USD
t001307,2026-02-05,2000,1000,171515,USD
t001308,2026-02-05,1200,3000,80893,USD
t001309,2026-02-05,1000,1200,8500,USD
t001310,2026-02-05,1000,3000,209588,USD
t001311,2026-02-05,4000,1000,110693,USD
t001312,2026-02-05,6000,1000,73262,USD
t001313,2026-02-05,2000,1000,218508,USD
t001314,2026-02-05,2000,1000,137260,USD
t001315,2026-02-05,1000,4471,170721,USD
t001316,2026-02-05,1000,1200,48215,USD
t001317,2026-02-05,2000,1000,8289,USD
t001318,2026-02-05,1000,3000,69998,USD
t001319,2026-02-05,1000,1200,86792,USD
t001320,2026-02-06,6000,1000,51465,USD
t001321,2026-02-06,1200,3000,102366,USD
t001322,2026-02-06,4000,1000,232429,USD
t001323,2026-02-06,4000,1000,2099,USD
t001324,2026-02-06,1000,3000,192031,USD
t001325,2026-02-06,6000,1000,233189,USD
t001326,2026-02-06,1000,1200,7868,USD
t001327,2026-02-06,4471,3000,111469,USD
t001328,2026-02-06,6000,1000,5569,USD
t001329,2026-02-06,1000,3000,229889,USD
t001330,2026-02-06,2000,1000,126264,USD
t001331,2026-02-06,6000,1000,460,USD
t001332,2026-02-06,4471,3000,205728,USD
t001333,2026-02-06,6000,1000,3124,USD
t001334,2026-02-06,1000,4471,3994,USD
t001335,2026-02-06,4471,3000,105948,USD
t001336,2026-02-06,2000,1000,207061,USD
t001337,2026-02-06,4471,3000,1356,USD
t001338,2026-02-06,4000,2000,15047,USD
t001339,2026-02-06,1000,1200,98644,USD
t001340,2026-02-06,1200,3000,6663,USD
t001341,2026-02-06,6000,1000,2773,USD
t001342,2026-02-06,6000,1000,87544,USD
t001343,2026-02-06,1200,3000,163816,USD
t001344,2026-02-06,6000,1000,6661,USD
t001345,2026-02-06,4000,2000,4488,USD
t001346,2026-02-06,1000,1200,98907,USD
t001347,2026-02-06,1200,3000,112909,USD
t001348,2026-02-06,1200,3000,241304,USD
t001349,2026-02-06,2000,1000,162479,USD
t001350,2026-02-06,1000,1200,9650,USD
t001351,2026-02-06,4000,1000,1495,USD
t001352,2026-02-06,1200,3000,8798,USD
t001353,2026-02-06,6000,1000,1969,USD
t001354,2026-02-06,1000,4471,9957,USD
t001355,2026-02-06,6000,1000,104587,USD
t001356,2026-02-06,1000,3000,1471,USD
t001357,2026-02-06,4000,1000,69975,USD
t001358,2026-02-06,1000,4471,2423,USD
t001359,2026-02-06,6000,1000,2664,USD
t001360,2026-02-07,1000,3000,3858,USD
t001361,2026-02-07,1200,3000,206104,USD
t001362,2026-02-07,4000,1000,117502,USD
t001363,2026-02-07,1000,4471,40908,USD
t001364,2026-02-07,1200,3000,169695,USD
t001365,2026-02-07,1000,3000,114176,USD
t001366,2026-02-07,4471,3000,4692,USD
t001367,2026-02-07,6000,1000,219438,USD
t001368,2026-02-07,1000,1200,169482,USD
t001369,2026-02-07,6000,1000,182918,USD
t001370,2026-02-07,4000,1000,7268,USD
t001371,2026-02-07,4000,1000,70995,USD
t001372,2026-02-07,1000,1200,58098,USD
t001373,2026-02-07,1000,4471,48016,USD
t001374,2026-02-07,1000,1200,3872,USD
t001375,2026-02-07,1200,3000,72255,USD
t001376,2026-02-07,4000,1000,191773,USD
t001377,2026-02-07,2000,1000,195397,USD
t001378,2026-02-07,6000,1000,149149,USD
t001379,2026-02-07,1000,3000,4457,USD
t001380,2026-02-07,2000,1000,29148,USD
t001381,2026-02-07,1000,4471,2345,USD
t001382,2026-02-07,4000,1000,178580,USD
t001383,2026-02-07,2000,1000,153369,USD
t001384,2026-02-07,6000,1000,148313,USD
t001385,2026-02-07,4000,1000,6341,USD
t001386,2026-02-07,4000,2000,85647,USD
t001387,2026-02-07,4000,1000,127123,USD
t001388,2026-02-07,1200,3000,217165,USD
t001389,2026-02-07,4000,2000,235197,USD
t001390,2026-02-07,1000,4471,72895,USD
t001391,2026-02-07,4471,3000,137768,USD
t001392,2026-02-07,6000,1000,171559,USD
t001393,2026-02-07,6000,1000,4932,USD
t001394,2026-02-07,4471,3000,53379,USD
t001395,2026-02-07,2000,1000,86634,USD
t001396,2026-02-07,1000,3000,205507,USD
t001397,2026-02-07,1000,4471,62277,USD
t001398,2026-02-07,1000,3000,217600,USD
t001399,2026-02-07,1000,1200,94457,USD
t001400,2026-02-08,1000,4471,199661,USD
t001401,2026-02-08,2000,1000,5963,USD
t001402,2026-02-08,1000,1200,4228,USD
t001403,2026-02-08,1000,3000,65860,USD
t001404,2026-02-08,1000,1200,7670,USD
t001405,2026-02-08,1000,1200,190948,USD
t001406,2026-02-08,4000,2000,169078,USD
t001407,2026-02-08,1000,3000,168548,USD
t001408,2026-02-08,6000,1000,6734,USD
t001409,2026-02-08,2000,1000,2062,USD
t001410,2026-02-08,4471,3000,8073,USD
t001411,2026-02-08,4000,1000,124412,USD
t001412,2026-02-08,4000,1000,15667,USD
t001413,2026-02-08,1000,4471,124276,USD
t001414,2026-02-08,4471,3000,123931,USD
t001415,2026-02-08,4000,1000,158566,USD
t001416,2026-02-08,4000,1000,9724,USD
t001417,2026-02-08,4000,1000,160,USD
t001418,2026-02-08,1000,1200,97938,USD
t001419,2026-02-08,4471,3000,2259,USD
t001420,2026-02-08,6000,1000,42720,USD
t001421,2026-02-08,1000,3000,127711,USD
t001422,2026-02-08,6000,1000,83427,USD
t001423,2026-02-08,6000,1000,7425,USD
t001424,2026-02-08,2000,1000,9824,USD
t001425,2026-02-08,1000,4471,35141,USD
t001426,2026-02-08,4000,2000,221961,USD
t001427,2026-02-08,2000,1000,204669,USD
t001428,2026-02-08,1200,3000,15906,USD
t001429,2026-02-08,6000,1000,84823,USD
t001430,2026-02-08,1200,3000,101737,USD
t001431,2026-02-08,1000,1200,2802,USD
t001432,2026-02-08,6000,1000,133604,USD
t001433,2026-02-08,4000,1000,205146,USD
t001434,2026-02-08,1000,1200,67361,USD
t001435,2026-02-08,4000,1000,197789,USD
t001436,2026-02-08,1000,1200,219717,USD
t001437,2026-02-08,4000,2000,146964,USD
t001438,2026-02-08,1000,1200,188736,USD
t001439,2026-02-08,4000,2000,11892,USD
t001440,2026-02-09,1200,3000,199333,USD
t001441,2026-02-09,4000,2000,116381,USD
t001442,2026-02-09,4000,1000,9267,USD
t001443,2026-02-09,4000,2000,813,USD
t001444,2026-02-09,4471,3000,21600,USD
t001445,2026-02-09,1000,3000,85130,USD
t001446,2026-02-09,1000,1200,46129,USD
t001447,2026-02-09,4000,1000,8210,USD
t001448,2026-02-09,4471,3000,6419,USD
t001449,2026-02-09,1000,1200,245766,USD
t001450,2026-02-09,1000,4471,9810,USD
t001451,2026-02-09,2000,1000,25486,USD
t001452,2026-02-09,4000,1000,122982,USD
t001453,2026-02-09,6000,1000,206394,USD
t001454,2026-02-09,2000,1000,78293,USD
t001455,2026-02-09,4000,2000,186976,USD
t001456,2026-02-09,2000,1000,1781,USD
t001457,2026-02-09,4000,2000,142220,USD
t001458,2026-02-09,1000,1200,94117,USD
t001459,2026-02-09,1000,1200,168261,USD
t001460,2026-02-09,4000,1000,80464,USD
t001461,2026-02-09,2000,1000,4191,USD
t001462,2026-02-09,6000,1000,185968,USD
t001463,2026-02-09,1000,4471,177692,USD
t001464,2026-02-09,4000,2000,6081,USD
t001465,2026-02-09,6000,1000,5745,USD
t001466,2026-02-09,2000,1000,226141,USD
t001467,2026-02-09,1200,3000,3793,USD
t001468,2026-02-09,6000,1000,5230,USD
t001469,2026-02-09,4471,3000,1204,USD
t001470,2026-02-09,6000,1000,8364,USD
t001471,2026-02-09,2000,1000,127547,USD
t001472,2026-02-09,1000,4471,185854,USD
t001473,2026-02-09,2000,1000,129607,USD
t001474,2026-02-09,1000,1200,8191,USD
t001475,2026-02-09,4000,2000,50109,USD
t001476,2026-02-09,4000,1000,96392,USD
t001477,2026-02-09,1000,3000,160484,USD
t001478,2026-02-09,1000,3000,21353,USD
t001479,2026-02-09,1200,3000,116758,USD
t001480,2026-02-10,6000,1000,8036,USD
t001481,2026-02-10,4000,1000,64429,USD
t001482,2026-02-10,4471,3000,25953,USD
t001483,2026-02-10,6000,1000,217370,USD
t001484,2026-02-10,4000,1000,228077,USD
t001485,2026-02-10,1000,3000,112456,USD
t001486,2026-02-10,1000,1200,233549,USD
t001487,2026-02-10,4000,1000,1003,USD
t001488,2026-02-10,2000,1000,7836,USD
t001489,2026-02-10,1000,4471,166398,USD
t001490,2026-02-10,1000,1200,180686,USD
t001491,2026-02-10,4471,3000,127965,USD
t001492,2026-02-10,1000,3000,108864,USD
t001493,2026-02-10,2000,1000,2622,USD
t001494,2026-02-10,4000,1000,8342,USD
t001495,2026-02-10,1200,3000,121198,USD
t001496,2026-02-10,2000,1000,160927,USD
t001497,2026-02-10,1000,3000,225488,USD
t001498,2026-02-10,4000,1000,229687,USD
t001499,2026-02-10,4000,2000,3023,USD
t001500,2026-02-10,4000,1000,118534,USD
t001501,2026-02-10,1000,3000,145390,USD
t001502,2026-02-10,1000,3000,35849,USD
t001503,2026-02-10,6000,1000,11756,USD
t001504,2026-02-10,1000,3000,9692,USD
t001505,2026-02-10,4000,2000,183141,USD
t001506,2026-02-10,1000,3000,41920,USD
t001507,2026-02-10,1000,3000,194614,USD
t001508,2026-02-10,1000,1200,131034,USD
t001509,2026-02-10,1000,3000,208947,USD
t001510,2026-02-10,1000,3000,5396,USD
t001511,2026-02-10,6000,1000,23791,USD
t001512,2026-02-10,4000,1000,161977,USD
t001513,2026-02-10,4471,3000,8334,USD
t001514,2026-02-10,4471,3000,78832,USD
t001515,2026-02-10,2000,1000,1966,USD
t001516,2026-02-10,1200,3000,8141,USD
t001517,2026-02-10,1000,3000,146038,USD
t001518,2026-02-10,1000,1200,235887,USD
t001519,2026-02-10,1200,3000,165890,USD
t001520,2026-02-11,4000,1000,6056,USD
t001521,2026-02-11,4000,2000,26404,USD
t001522,2026-02-11,1000,1200,151254,USD
t001523,2026-02-11,6000,1000,3002,USD
t001524,2026-02-11,1200,3000,42925,USD
t001525,2026-02-11,4000,2000,90985,USD
t001526,2026-02-11,1000,1200,7759,USD
t001527,2026-02-11,1000,3000,209132,USD
t001528,2026-02-11,1000,3000,1072,USD
t001529,2026-02-11,4000,1000,219391,USD
t001530,2026-02-11,1000,3000,154972,USD
t001531,2026-02-11,1000,1200,180509,USD
t001532,2026-02-11,4000,2000,130102,USD
t001533,2026-02-11,4000,1000,4447,USD
t001534,2026-02-11,1000,1200,125058,USD
t001535,2026-02-11,1200,3000,71993,USD
t001536,2026-02-11,1000,1200,3390,USD
t001537,2026-02-11,1000,3000,189564,USD
t001538,2026-02-11,4000,1000,241216,USD
t001539,2026-02-11,4000,1000,237652,USD
t001540,2026-02-11,4000,2000,248944,USD
t001541,2026-02-11,4000,1000,8900,USD
t001542,2026-02-11,1200,3000,197192,USD
t001543,2026-02-11,4000,1000,41084,USD
t001544,2026-02-11,2000,1000,225079,USD
t001545,2026-02-11,1000,3000,7684,USD
t001546,2026-02-11,4000,1000,16121,USD
t001547,2026-02-11,1000,1200,168637,USD
t001548,2026-02-11,4000,2000,125105,USD
t001549,2026-02-11,4000,1000,8729,USD
t001550,2026-02-11,4000,2000,9853,USD
t001551,2026-02-11,1000,4471,6345,USD
t001552,2026-02-11,4000,2000,106689,USD
t001553,2026-02-11,2000,1000,9492,USD
t001554,2026-02-11,6000,1000,26243,USD
t001555,2026-02-11,4471,3000,197306,USD
t001556,2026-02-11,4000,1000,16108,USD
t001557,2026-02-11,1000,1200,1311,USD
t001558,2026-02-11,6000,1000,239646,USD
t001559,2026-02-11,1200,3000,616,USD
t001560,2026-02-12,6000,1000,3254,USD
t001561,2026-02-12,1200,3000,222467,USD
t001562,2026-02-12,2000,1000,61251,USD
t001563,2026-02-12,1000,1200,9376,USD
t001564,2026-02-12,4000,1000,78293,USD
t001565,2026-02-12,4471,3000,41632,USD
t001566,2026-02-12,4000,2000,5938,USD
t001567,2026-02-12,1200,3000,71664,USD
t001568,2026-02-12,1200,3000,139581,USD
t001569,2026-02-12,1000,1200,2310,USD
t001570,2026-02-12,2000,1000,901,USD
t001571,2026-02-12,1000,3000,160718,USD
t001572,2026-02-12,4000,2000,8905,USD
t001573,2026-02-12,1000,3000,60905,USD
t001574,2026-02-12,4471,3000,109883,USD
t001575,2026-02-12,4000,2000,2886,USD
t001576,2026-02-12,4000,1000,177287,USD
t001577,2026-02-12,1000,3000,118708,USD
t001578,2026-02-12,1000,1200,56816,USD
t001579,2026-02-12,6000,1000,109456,USD
t001580,2026-02-12,6000,1000,5754,USD
t001581,2026-02-12,1000,1200,130218,USD
t001582,2026-02-12,1000,4471,217021,USD
t001583,2026-02-12,4000,2000,3297,USD
t001584,2026-02-12,1000,1200,5878,USD
t001585,2026-02-12,1000,3000,5381,USD
t001586,2026-02-12,4000,2000,178427,USD
t001587,2026-02-12,4471,3000,1349,USD
t001588,2026-02-12,4471,3000,113871,USD
t001589,2026-02-12,4000,2000,228055,USD
t001590,2026-02-12,4000,1000,223290,USD
t001591,2026-02-12,1000,1200,148316,USD
t001592,2026-02-12,4000,2000,2930,USD
t001593,2026-02-12,4000,1000,71406,USD
t001594,2026-02-12,2000,1000,66842,USD
t001595,2026-02-12,4000,1000,37912,USD
t001596,2026-02-12,1200,3000,72633,USD
t001597,2026-02-12,1000,3000,235294,USD
t001598,2026-02-12,1000,3000,1637,USD
t001599,2026-02-12,1000,1200,122004,USD
t001600,2026-02-13,4000,1000,98319,USD
t001601,2026-02-13,4000,2000,229746,USD
t001602,2026-02-13,6000,1000,144728,USD
t001603,2026-02-13,6000,1000,245642,USD
t001604,2026-02-13,1000,1200,5430,USD
t001605,2026-02-13,4471,3000,21309,USD
t001606,2026-02-13,4000,1000,104472,USD
t001607,2026-02-13,4471,3000,180809,USD
t001608,2026-02-13,6000,1000,207085,USD
t001609,2026-02-13,1000,3000,9833,USD
t001610,2026-02-13,6000,1000,212900,USD
t001611,2026-02-13,4000,2000,249274,USD
t001612,2026-02-13,1000,3000,246808,USD
t001613,2026-02-13,1000,3000,121236,USD
t001614,2026-02-13,6000,1000,237091,USD
t001615,2026-02-13,4000,2000,28283,USD
t001616,2026-02-13,4000,1000,215534,USD
t001617,2026-02-13,1000,4471,77022,USD
t001618,2026-02-13,4000,1000,213918,USD
t001619,2026-02-13,4471,3000,1288,USD
t001620,2026-02-13,2000,1000,5406,USD
t001621,2026-02-13,1000,4471,63768,USD
t001622,2026-02-13,4000,1000,7283,USD
t001623,2026-02-13,4471,3000,4322,USD
t001624,2026-02-13,1200,3000,56284,USD
t001625,2026-02-13,2000,1000,3494,USD
t001626,2026-02-13,1000,3000,89565,USD
t001627,2026-02-13,1000,4471,23760,USD
t001628,2026-02-13,1200,3000,221620,USD
t001629,2026-02-13,6000,1000,168588,USD
t001630,2026-02-13,2000,1000,157852,USD
t001631,2026-02-13,1000,1200,4417,USD
t001632,2026-02-13,2000,1000,180901,USD
t001633,2026-02-13,2000,1000,63450,USD
t001634,2026-02-13,2000,1000,9382,USD
t001635,2026-02-13,4000,1000,44973,USD
t001636,2026-02-13,2000,1000,52635,USD
t001637,2026-02-13,1000,4471,3219,USD
t001638,2026-02-13,1000,4471,142700,USD
t001639,2026-02-13,1000,1200,1518,USD
t001640,2026-02-14,4000,1000,930,USD
t001641,2026-02-14,4471,3000,90881,USD
t001642,2026-02-14,6000,1000,69683,USD
t001643,2026-02-14,1000,1200,175405,USD
t001644,2026-02-14,1000,1200,239353,USD
t001645,2026-02-14,1200,3000,201175,USD
t001646,2026-02-14,1000,1200,9729,USD
t001647,2026-02-14,6000,1000,197613,USD
t001648,2026-02-14,1200,3000,74807,USD
t001649,2026-02-14,2000,1000,20188,USD
t001650,2026-02-14,1000,1200,6321,USD
t001651,2026-02-14,1200,3000,9495,USD
t001652,2026-02-14,1000,3000,7997,USD
t001653,2026-02-14,4000,1000,6947,USD
t001654,2026-02-14,4471,3000,216606,USD
t001655,2026-02-14,1000,3000,87939,USD
t001656,2026-02-14,6000,1000,101077,USD
t001657,2026-02-14,4000,1000,9220,USD
t001658,2026-02-14,1200,3000,8781,USD
t001659,2026-02-14,6000,1000,114565,USD
t001660,2026-02-14,4000,1000,96274,USD
t001661,2026-02-14,1200,3000,1119,USD
t001662,2026-02-14,1000,3000,210695,USD
t001663,2026-02-14,1000,1200,53902,USD
t001664,2026-02-14,4000,1000,208704,USD
t001665,2026-02-14,4000,2000,34747,USD
t001666,2026-02-14,1000,3000,111092,USD
t001667,2026-02-14,1000,3000,220369,USD
t001668,2026-02-14,4000,1000,7209,USD
t001669,2026-02-14,2000,1000,3494,USD
t001670,2026-02-14,2000,1000,1683,USD
t001671,2026-02-14,4000,1000,2590,USD
t001672,2026-02-14,1000,1200,9881,USD
t001673,2026-02-14,4000,1000,110486,USD
t001674,2026-02-14,4000,1000,40794,USD
t001675,2026-02-14,4000,1000,69478,USD
t001676,2026-02-14,1200,3000,52185,USD
t001677,2026-02-14,1200,3000,211856,USD
t001678,2026-02-14,6000,1000,144407,USD
t001679,2026-02-14,1000,3000,21467,USD
t001680,2026-02-15,4000,2000,112195,USD
t001681,2026-02-15,1000,1200,199070,USD
t001682,2026-02-15,2000,1000,162010,USD
t001683,2026-02-15,4000,2000,22062,USD
t001684,2026-02-15,4000,1000,3302,USD
t001685,2026-02-15,4471,3000,40124,USD
t001686,2026-02-15,4000,2000,98210,USD
t001687,2026-02-15,4000,2000,134052,USD
t001688,2026-02-15,6000,1000,226681,USD
t001689,2026-02-15,4471,3000,7938,USD
t001690,2026-02-15,6000,1000,18665,USD
t001691,2026-02-15,1200,3000,123123,USD
t001692,2026-02-15,1200,3000,175282,USD
t001693,2026-02-15,4471,3000,5787,USD
t001694,2026-02-15,1000,3000,8858,USD
t001695,2026-02-15,1000,3000,25215,USD
t001696,2026-02-15,1000,1200,4277,USD
t001697,2026-02-15,6000,1000,7629,USD
t001698,2026-02-15,4000,2000,7811,USD
t001699,2026-02-15,6000,1000,7032,USD
t001700,2026-02-15,1000,3000,31528,USD
t001701,2026-02-15,6000,1000,167182,USD
t001702,2026-02-15,6000,1000,90459,USD
t001703,2026-02-15,4471,3000,119487,USD
t001704,2026-02-15,1000,3000,240764,USD
t001705,2026-02-15,1000,4471,1610,USD
t001706,2026-02-15,1000,1200,236490,USD
t001707,2026-02-15,1000,3000,19284,USD
t001708,2026-02-15,2000,1000,120502,USD
t001709,2026-02-15,4000,1000,140752,USD
t001710,2026-02-15,1000,1200,43521,USD
t001711,2026-02-15,2000,1000,136631,USD
t001712,2026-02-15,1000,3000,30076,USD
t001713,2026-02-15,4000,2000,7811,USD
t001714,2026-02-15,6000,1000,201500,USD
t001715,2026-02-15,4000,2000,174248,USD
t001716,2026-02-15,1000,1200,177962,USD
t001717,2026-02-15,1200,3000,16926,USD
t001718,2026-02-15,6000,1000,5133,USD
t001719,2026-02-15,2000,1000,119946,USD
t001720,2026-02-16,1200,3000,3412,USD
t001721,2026-02-16,4471,3000,7160,USD
t001722,2026-02-16,1000,3000,239094,USD
t001723,2026-02-16,2000,1000,3274,USD
t001724,2026-02-16,1000,1200,5019,USD
t001725,2026-02-16,4000,2000,131957,USD
t001726,2026-02-16,6000,1000,74528,USD
t001727,2026-02-16,4471,3000,220183,USD
t001728,2026-02-16,1000,3000,240766,USD
t001729,2026-02-16,4471,3000,8260,USD
t001730,2026-02-16,1000,3000,49929,USD
t001731,2026-02-16,6000,1000,4538,USD
t001732,2026-02-16,1000,3000,8880,USD
t001733,2026-02-16,4000,1000,249323,USD
t001734,2026-02-16,1000,1200,175321,USD
t001735,2026-02-16,1000,4471,85577,USD
t001736,2026-02-16,4000,1000,7404,USD
t001737,2026-02-16,1200,3000,4681,USD
t001738,2026-02-16,1000,1200,129075,USD
t001739,2026-02-16,1000,1200,148267,USD
t001740,2026-02-16,4000,2000,226438,USD
t001741,2026-02-16,2000,1000,237936,USD
t001742,2026-02-16,2000,1000,195073,USD
t001743,2026-02-16,4000,1000,38585,USD
t001744,2026-02-16,1000,3000,210870,USD
t001745,2026-02-16,1200,3000,68358,USD
t001746,2026-02-16,1200,3000,14628,USD
t001747,2026-02-16,2000,1000,3347,USD
t001748,2026-02-16,2000,1000,56065,USD
t001749,2026-02-16,1200,3000,208240,USD
t001750,2026-02-16,1200,3000,6789,USD
t001751,2026-02-16,4471,3000,238499,USD
t001752,2026-02-16,1200,3000,85482,USD
t001753,2026-02-16,4000,1000,204862,USD
t001754,2026-02-16,1000,1200,242008,USD
t001755,2026-02-16,4000,1000,37635,USD
t001756,2026-02-16,6000,1000,6235,USD
t001757,2026-02-16,6000,1000,86469,USD
t001758,2026-02-16,1000,3000,5836,USD
t001759,2026-02-16,1000,4471,76850,USD
t001760,2026-02-17,1000,3000,4489,USD
t001761,2026-02-17,6000,1000,9858,USD
t001762,2026-02-17,2000,1000,29160,USD
t001763,2026-02-17,1200,3000,118058,USD
t001764,2026-02-17,2000,1000,227025,USD
t001765,2026-02-17,4000,1000,9637,USD
t001766,2026-02-17,6000,1000,193965,USD
t001767,2026-02-17,2000,1000,249022,USD
t001768,2026-02-17,4471,3000,63637,USD
t001769,2026-02-17,4000,2000,9169,USD
t001770,2026-02-17,2000,1000,90671,USD
t001771,2026-02-17,4000,2000,5730,USD
t001772,2026-02-17,1000,3000,8756,USD
t001773,2026-02-17,1000,1200,8302,USD
t001774,2026-02-17,2000,1000,232097,USD
t001775,2026-02-17,4471,3000,16752,USD
t001776,2026-02-17,4000,1000,238108,USD
t001777,2026-02-17,1200,3000,111351,USD
t001778,2026-02-17,4471,3000,1333,USD
t001779,2026-02-17,1200,3000,107951,USD
t001780,2026-02-17,4471,3000,204156,USD
t001781,2026-02-17,4000,1000,9673,USD
t001782,2026-02-17,4000,1000,8474,USD
t001783,2026-02-17,4000,1000,6725,USD
t001784,2026-02-17,1000,4471,184342,USD
t001785,2026-02-17,1000,3000,134409,USD
t001786,2026-02-17,1000,3000,7197,USD
t001787,2026-02-17,1000,1200,118644,USD
t001788,2026-02-17,6000,1000,184285,USD
t001789,2026-02-17,6000,1000,37847,USD
t001790,2026-02-17,6000,1000,51717,USD
t001791,2026-02-17,6000,1000,238305,USD
t001792,2026-02-17,4471,3000,48277,USD
t001793,2026-02-17,1000,3000,74418,USD
t001794,2026-02-17,1000,3000,8382,USD
t001795,2026-02-17,1000,3000,58456,USD
t001796,2026-02-17,1000,3000,5838,USD
t001797,2026-02-17,4000,1000,7542,USD
t001798,2026-02-17,6000,1000,31945,USD
t001799,2026-02-17,1200,3000,140182,USD
t001800,2026-02-18,6000,1000,231376,USD
t001801,2026-02-18,6000,1000,8421,USD
t001802,2026-02-18,4000,2000,1471,USD
t001803,2026-02-18,4000,2000,223431,USD
t001804,2026-02-18,1000,1200,79418,USD
t001805,2026-02-18,1000,3000,171636,USD
t001806,2026-02-18,1000,1200,5476,USD
t001807,2026-02-18,4000,1000,48000,USD
t001808,2026-02-18,2000,1000,100234,USD
t001809,2026-02-18,2000,1000,5443,USD
t001810,2026-02-18,2000,1000,3293,USD
t001811,2026-02-18,1000,3000,424,USD
t001812,2026-02-18,1000,4471,147834,USD
t001813,2026-02-18,4000,1000,243724,USD
t001814,2026-02-18,4000,2000,96792,USD
t001815,2026-02-18,6000,1000,4080,USD
t001816,2026-02-18,1000,1200,185990,USD
t001817,2026-02-18,2000,1000,38779,USD
t001818,2026-02-18,4000,2000,217261,USD
t001819,2026-02-18,1000,4471,110734,USD
t001820,2026-02-18,1000,4471,4338,USD
t001821,2026-02-18,6000,1000,219711,USD
t001822,2026-02-18,4000,2000,139538,USD
t001823,2026-02-18,4000,1000,162937,USD
t001824,2026-02-18,4000,2000,90390,USD
t001825,2026-02-18,4000,1000,5494,USD
t001826,2026-02-18,1000,4471,5231,USD
t001827,2026-02-18,1000,4471,36851,USD
t001828,2026-02-18,4000,1000,6035,USD
t001829,2026-02-18,6000,1000,187032,USD
t001830,2026-02-18,4000,2000,6016,USD
t001831,2026-02-18,1000,3000,8532,USD
t001832,2026-02-18,1200,3000,71952,USD
t001833,2026-02-18,4000,1000,36168,USD
t001834,2026-02-18,2000,1000,8702,USD
t001835,2026-02-18,4000,1000,65195,USD
t001836,2026-02-18,2000,1000,6578,USD
t001837,2026-02-18,1000,3000,60676,USD
t001838,2026-02-18,1000,3000,1719,USD
t001839,2026-02-18,4000,1000,8349,USD
t001840,2026-02-19,4000,2000,222652,USD
t001841,2026-02-19,2000,1000,5468,USD
t001842,2026-02-19,1000,1200,5494,USD
t001843,2026-02-19,4000,1000,1089,USD
t001844,2026-02-19,4000,2000,25087,USD
t001845,2026-02-19,2000,1000,181230,USD
t001846,2026-02-19,1000,3000,129386,USD
t001847,2026-02-19,4000,2000,150904,USD
t001848,2026-02-19,2000,1000,72895,USD
t001849,2026-02-19,2000,1000,7916,USD
t001850,2026-02-19,1000,1200,163407,USD
t001851,2026-02-19,4000,2000,236954,USD
t001852,2026-02-19,4000,1000,15699,USD
t001853,2026-02-19,1000,3000,173143,USD
t001854,2026-02-19,1200,3000,225040,USD
t001855,2026-02-19,4000,1000,6030,USD
t001856,2026-02-19,1000,4471,9176,USD
t001857,2026-02-19,4000,1000,193424,USD
t001858,2026-02-19,6000,1000,240287,USD
t001859,2026-02-19,1000,1200,38658,USD
t001860,2026-02-19,2000,1000,16097,USD
t001861,2026-02-19,1200,3000,87822,USD
t001862,2026-02-19,4000,1000,108953,USD
t001863,2026-02-19,6000,1000,45713,USD
t001864,2026-02-19,1000,3000,74603,USD
t001865,2026-02-19,2000,1000,8558,USD
t001866,2026-02-19,1000,4471,9266,USD
t001867,2026-02-19,6000,1000,3059,USD
t001868,2026-02-19,2000,1000,143179,USD
t001869,2026-02-19,1000,4471,19646,USD
t001870,2026-02-19,6000,1000,131559,USD
t001871,2026-02-19,4471,3000,9977,USD
t001872,2026-02-19,1000,1200,106085,USD
t001873,2026-02-19,4000,2000,56927,USD
t001874,2026-02-19,4000,2000,55117,USD
t001875,2026-02-19,4471,3000,5602,USD
t001876,2026-02-19,2000,1000,8818,USD
t001877,2026-02-19,1000,3000,6509,USD
t001878,2026-02-19,1000,4471,5804,USD
t001879,2026-02-19,1000,3000,119660,USD
t001880,2026-02-20,4471,3000,172010,USD
t001881,2026-02-20,1000,3000,235113,USD
t001882,2026-02-20,2000,1000,9002,USD
t001883,2026-02-20,1000,1200,16921,USD
t001884,2026-02-20,4000,2000,9995,USD
t001885,2026-02-20,1000,3000,3576,USD
t001886,2026-02-20,2000,1000,8423,USD
t001887,2026-02-20,1000,3000,9151,USD
t001888,2026-02-20,4000,1000,130179,USD
t001889,2026-02-20,2000,1000,93936,USD
t001890,2026-02-20,4000,1000,109046,USD
t001891,2026-02-20,4000,2000,139730,USD
t001892,2026-02-20,4000,2000,236408,USD
t001893,2026-02-20,4471,3000,14418,USD
t001894,2026-02-20,1200,3000,6345,USD
t001895,2026-02-20,6000,1000,8898,USD
t001896,2026-02-20,2000,1000,22745,USD
t001897,2026-02-20,4471,3000,87110,USD
t001898,2026-02-20,4000,1000,197874,USD
t001899,2026-02-20,1000,4471,46979,USD
t001900,2026-02-20,1200,3000,82297,USD
t001901,2026-02-20,1000,3000,99176,USD
t001902,2026-02-20,1000,3000,5166,USD
t001903,2026-02-20,1000,4471,178147,USD
t001904,2026-02-20,6000,1000,232699,USD
t001905,2026-02-20,1000,3000,1956,USD
t001906,2026-02-20,2000,1000,180528,USD
t001907,2026-02-20,1000,3000,203417,USD
t001908,2026-02-20,1000,1200,15915,USD
t001909,2026-02-20,1200,3000,350,USD
t001910,2026-02-20,1000,4471,162196,USD
t001911,2026-02-20,4000,2000,123381,USD
t001912,2026-02-20,4000,1000,236181,USD
t001913,2026-02-20,1000,1200,4401,USD
t001914,2026-02-20,1000,3000,18033,USD
t001915,2026-02-20,1000,1200,2487,USD
t001916,2026-02-20,1000,1200,180760,USD
t001917,2026-02-20,6000,1000,236201,USD
t001918,2026-02-20,4471,3000,114313,USD
t001919,2026-02-20,1000,4471,145529,USD
t001920,2026-02-21,1000,3000,9568,USD
t001921,2026-02-21,1000,4471,5462,USD
t001922,2026-02-21,4000,2000,58153,USD
t001923,2026-02-21,2000,1000,190107,USD
t001924,2026-02-21,4000,1000,398,USD
t001925,2026-02-21,1000,3000,5398,USD
t001926,2026-02-21,4000,2000,49974,USD
t001927,2026-02-21,1200,3000,44378,USD
t001928,2026-02-21,2000,1000,5422,USD
t001929,2026-02-21,4471,3000,6677,USD
t001930,2026-02-21,4000,2000,9639,USD
t001931,2026-02-21,1000,1200,7820,USD
t001932,2026-02-21,2000,1000,91843,USD
t001933,2026-02-21,4000,1000,203708,USD
t001934,2026-02-21,1000,1200,177177,USD
t001935,2026-02-21,1000,4471,6668,USD
t001936,2026-02-21,6000,1000,8856,USD
t001937,2026-02-21,1000,3000,69473,USD
t001938,2026-02-21,1200,3000,7664,USD
t001939,2026-02-21,4000,2000,53895,USD
t001940,2026-02-21,2000,1000,7589,USD
t001941,2026-02-21,6000,1000,26445,USD
t001942,2026-02-21,4000,1000,9194,USD
t001943,2026-02-21,2000,1000,548,USD
t001944,2026-02-21,6000,1000,74292,USD
t001945,2026-02-21,2000,1000,144904,USD
t001946,2026-02-21,4000,1000,232090,USD
t001947,2026-02-21,1000,3000,8825,USD
t001948,2026-02-21,1200,3000,225969,USD
t001949,2026-02-21,2000,1000,181788,USD
t001950,2026-02-21,1000,1200,35345,USD
t001951,2026-02-21,1200,3000,137524,USD
t001952,2026-02-21,2000,1000,232357,USD
t001953,2026-02-21,6000,1000,6849,USD
t001954,2026-02-21,2000,1000,196314,USD
t001955,2026-02-21,1000,1200,5141,USD
t001956,2026-02-21,6000,1000,179625,USD
t001957,2026-02-21,1000,4471,3471,USD
t001958,2026-02-21,4000,2000,21883,USD
t001959,2026-02-21,4000,2000,2375,USD
t001960,2026-02-22,1000,3000,104861,USD
t001961,2026-02-22,2000,1000,4420,USD
t001962,2026-02-22,2000,1000,58001,USD
t001963,2026-02-22,1200,3000,24893,USD
t001964,2026-02-22,2000,1000,141575,USD
t001965,2026-02-22,1000,3000,222488,USD
t001966,2026-02-22,1000,1200,3199,USD
t001967,2026-02-22,4000,2000,6807,USD
t001968,2026-02-22,1000,1200,5824,USD
t001969,2026-02-22,1000,3000,187881,USD
t001970,2026-02-22,2000,1000,84289,USD
t001971,2026-02-22,4000,1000,56781,USD
t001972,2026-02-22,1200,3000,60022,USD
t001973,2026-02-22,2000,1000,776,USD
t001974,2026-02-22,4000,2000,8245,USD
t001975,2026-02-22,1000,3000,11897,USD
t001976,2026-02-22,1200,3000,229906,USD
t001977,2026-02-22,4000,2000,89013,USD
t001978,2026-02-22,4000,2000,99427,USD
t001979,2026-02-22,1000,3000,120264,USD
t001980,2026-02-22,2000,1000,244106,USD
t001981,2026-02-22,1000,4471,147936,USD
t001982,2026-02-22,6000,1000,146625,USD
t001983,2026-02-22,1200,3000,115978,USD
t001984,2026-02-22,1000,3000,94024,USD
t001985,2026-02-22,4000,2000,3020,USD
t001986,2026-02-22,2000,1000,76784,USD
t001987,2026-02-22,1000,1200,6570,USD
t001988,2026-02-22,1200,3000,2675,USD
t001989,2026-02-22,1200,3000,6404,USD
t001990,2026-02-22,4471,3000,8418,USD
t001991,2026-02-22,2000,1000,50711,USD
t001992,2026-02-22,1200,3000,68712,USD
t001993,2026-02-22,1200,3000,30695,USD
t001994,2026-02-22,4000,1000,15460,USD
t001995,2026-02-22,1000,3000,112888,USD
t001996,2026-02-22,1000,3000,4000,USD
t001997,2026-02-22,1000,3000,161261,USD
t001998,2026-02-22,6000,1000,4529,USD
t001999,2026-02-22,4000,2000,12251,USD
t002000,2026-02-23,1200,3000,9752,USD
t002001,2026-02-23,2000,1000,9103,USD
t002002,2026-02-23,1200,3000,77928,USD
t002003,2026-02-23,2000,1000,81998,USD
t002004,2026-02-23,6000,1000,239663,USD
t002005,2026-02-23,1200,3000,9638,USD
t002006,2026-02-23,2000,1000,6684,USD
t002007,2026-02-23,6000,1000,209038,USD
t002008,2026-02-23,1200,3000,128921,USD
t002009,2026-02-23,6000,1000,196062,USD
t002010,2026-02-23,1000,1200,4096,USD
t002011,2026-02-23,2000,1000,5348,USD
t002012,2026-02-23,4000,1000,6376,USD
t002013,2026-02-23,1200,3000,94624,USD
t002014,2026-02-23,1200,3000,85451,USD
t002015,2026-02-23,4000,1000,7477,USD
t002016,2026-02-23,2000,1000,40901,USD
t002017,2026-02-23,1000,1200,2828,USD
t002018,2026-02-23,1200,3000,248511,USD
t002019,2026-02-23,2000,1000,46020,USD
t002020,2026-02-23,1000,4471,204043,USD
t002021,2026-02-23,1200,3000,95791,USD
t002022,2026-02-23,6000,1000,163244,USD
t002023,2026-02-23,4000,1000,7165,USD
t002024,2026-02-23,1000,1200,8050,USD
t002025,2026-02-23,2000,1000,38254,USD
t002026,2026-02-23,2000,1000,10948,USD
t002027,2026-02-23,1000,3000,3021,USD
t002028,2026-02-23,1000,1200,78921,USD
t002029,2026-02-23,4000,2000,190342,USD
t002030,2026-02-23,1000,4471,8599,USD
t002031,2026-02-23,1000,3000,8570,USD
t002032,2026-02-23,2000,1000,60962,USD
t002033,2026-02-23,1000,3000,160581,USD
t002034,2026-02-23,4000,2000,138580,USD
t002035,2026-02-23,4000,2000,36693,USD
t002036,2026-02-23,4000,2000,70049,USD
t002037,2026-02-23,4000,1000,4942,USD
t002038,2026-02-23,1000,3000,203000,USD
t002039,2026-02-23,4000,2000,70844,USD
t002040,2026-02-24,1000,3000,165354,USD
t002041,2026-02-24,4000,2000,78323,USD
t002042,2026-02-24,6000,1000,13588,USD
t002043,2026-02-24,1000,4471,5127,USD
t002044,2026-02-24,2000,1000,5240,USD
t002045,2026-02-24,1000,1200,8627,USD
t002046,2026-02-24,1200,3000,39348,USD
t002047,2026-02-24,6000,1000,21977,USD
t002048,2026-02-24,4000,1000,5908,USD
t002049,2026-02-24,4000,1000,8109,USD
t002050,2026-02-24,4000,2000,6792,USD
t002051,2026-02-24,6000,1000,67899,USD
t002052,2026-02-24,4000,2000,2028,USD
t002053,2026-02-24,4000,1000,3772,USD
t002054,2026-02-24,4471,3000,98476,USD
t002055,2026-02-24,1000,3000,77870,USD
t002056,2026-02-24,1200,3000,204411,USD
t002057,2026-02-24,4000,1000,117541,USD
t002058,2026-02-24,1000,1200,127954,USD
t002059,2026-02-24,1000,1200,2992,USD
t002060,2026-02-24,6000,1000,194381,USD
t002061,2026-02-24,1000,1200,107621,USD
t002062,2026-02-24,1000,3000,3148,USD
t002063,2026-02-24,6000,1000,127234,USD
t002064,2026-02-24,1000,1200,38619,USD
t002065,2026-02-24,1000,4471,217390,USD
t002066,2026-02-24,1200,3000,234825,USD
t002067,2026-02-24,6000,1000,218518,USD
t002068,2026-02-24,6000,1000,634,USD
t002069,2026-02-24,4000,2000,153728,USD
t002070,2026-02-24,1200,3000,86606,USD
t002071,2026-02-24,1200,3000,234186,USD
t002072,2026-02-24,1000,1200,2526,USD
t002073,2026-02-24,1000,4471,7542,USD
t002074,2026-02-24,4000,2000,138118,USD
t002075,2026-02-24,4000,2000,157961,USD
t002076,2026-02-24,1200,3000,108852,USD
t002077,2026-02-24,2000,1000,236284,USD
t002078,2026-02-24,1000,1200,93626,USD
t002079,2026-02-24,1000,1200,4279,USD
t002080,2026-02-25,4471,3000,49796,USD
t002081,2026-02-25,1000,1200,30356,USD
t002082,2026-02-25,1200,3000,7088,USD
t002083,2026-02-25,6000,1000,8378,USD
t002084,2026-02-25,6000,1000,6835,USD
t002085,2026-02-25,4000,2000,28686,USD
t002086,2026-02-25,1000,1200,97784,USD
t002087,2026-02-25,1200,3000,4327,USD
t002088,2026-02-25,1000,1200,97723,USD
t002089,2026-02-25,6000,1000,144981,USD
t002090,2026-02-25,1000,1200,157355,USD
t002091,2026-02-25,1000,1200,935,USD
t002092,2026-02-25,1000,3000,500,USD
t002093,2026-02-25,1200,3000,125594,USD
t002094,2026-02-25,1000,1200,139717,USD
t002095,2026-02-25,1000,4471,182266,USD
t002096,2026-02-25,2000,1000,115541,USD
t002097,2026-02-25,4000,1000,8599,USD
t002098,2026-02-25,1000,3000,84875,USD
t002099,2026-02-25,2000,1000,174303,USD
t002100,2026-02-25,2000,1000,166116,USD
t002101,2026-02-25,2000,1000,7679,USD
t002102,2026-02-25,4000,2000,155178,USD
t002103,2026-02-25,1000,3000,139642,USD
t002104,2026-02-25,4000,2000,129600,USD
t002105,2026-02-25,4000,2000,214481,USD
t002106,2026-02-25,1000,3000,4088,USD
t002107,2026-02-25,6000,1000,36637,USD
t002108,2026-02-25,1000,4471,233522,USD
t002109,2026-02-25,1000,1200,3196,USD
t002110,2026-02-25,1000,1200,1573,USD
t002111,2026-02-25,1000,4471,854,USD
t002112,2026-02-25,4000,1000,735,USD
t002113,2026-02-25,4000,2000,70800,USD
t002114,2026-02-25,4000,1000,204086,USD
t002115,2026-02-25,4000,1000,19796,USD
t002116,2026-02-25,1000,3000,7342,USD
t002117,2026-02-25,1000,1200,115099,USD
t002118,2026-02-25,4000,2000,203838,USD
t002119,2026-02-25,4000,2000,8519,USD
t002120,2026-02-26,1000,3000,216248,USD
t002121,2026-02-26,6000,1000,5163,USD
t002122,2026-02-26,1200,3000,116663,USD
t002123,2026-02-26,1000,1200,6723,USD
t002124,2026-02-26,4471,3000,2727,USD
t002125,2026-02-26,6000,1000,90863,USD
t002126,2026-02-26,4471,3000,23732,USD
t002127,2026-02-26,4000,1000,227519,USD
t002128,2026-02-26,2000,1000,7313,USD
t002129,2026-02-26,2000,1000,143115,USD
t002130,2026-02-26,2000,1000,231431,USD
t002131,2026-02-26,4000,1000,245523,USD
t002132,2026-02-26,1000,1200,5496,USD
t002133,2026-02-26,2000,1000,221678,USD
t002134,2026-02-26,1200,3000,118212,USD
t002135,2026-02-26,1000,1200,834,USD
t002136,2026-02-26,1000,1200,299,USD
t002137,2026-02-26,1000,1200,159957,USD
t002138,2026-02-26,2000,1000,3201,USD
t002139,2026-02-26,4000,1000,2958,USD
t002140,2026-02-26,4000,1000,2422,USD
t002141,2026-02-26,6000,1000,53420,USD
t002142,2026-02-26,1200,3000,39343,USD
t002143,2026-02-26,1000,3000,5420,USD
t002144,2026-02-26,1000,3000,217997,USD
t002145,2026-02-26,1200,3000,55843,USD
t002146,2026-02-26,1000,1200,9241,USD
t002147,2026-02-26,1200,3000,6847,USD
t002148,2026-02-26,1200,3000,85007,USD
t002149,2026-02-26,1000,1200,8804,USD
t002150,2026-02-26,1000,3000,2515,USD
t002151,2026-02-26,6000,1000,194963,USD
t002152,2026-02-26,4000,1000,77690,USD
t002153,2026-02-26,4000,1000,124281,USD
t002154,2026-02-26,4471,3000,175262,USD
t002155,2026-02-26,1000,3000,42374,USD
t002156,2026-02-26,4471,3000,2927,USD
t002157,2026-02-26,4000,2000,47985,USD
t002158,2026-02-26,4000,2000,9248,USD
t002159,2026-02-26,1200,3000,174371,USD
t002160,2026-02-27,6000,1000,9082,USD
t002161,2026-02-27,1000,3000,191489,USD
t002162,2026-02-27,6000,1000,115731,USD
t002163,2026-02-27,1200,3000,2021,USD
t002164,2026-02-27,1000,1200,156593,USD
t002165,2026-02-27,1200,3000,85158,USD
t002166,2026-02-27,2000,1000,71535,USD
t002167,2026-02-27,1000,3000,109485,USD
t002168,2026-02-27,6000,1000,127157,USD
t002169,2026-02-27,1000,1200,5982,USD
t002170,2026-02-27,4000,2000,246311,USD
t002171,2026-02-27,1000,1200,1650,USD
t002172,2026-02-27,2000,1000,87463,USD
t002173,2026-02-27,1200,3000,138148,USD
t002174,2026-02-27,2000,1000,38105,USD
t002175,2026-02-27,2000,1000,157171,USD
t002176,2026-02-27,6000,1000,88353,USD
t002177,2026-02-27,6000,1000,133871,USD
t002178,2026-02-27,1000,3000,147827,USD
t002179,2026-02-27,6000,1000,14475,USD
t002180,2026-02-27,4471,3000,1331,USD
t002181,2026-02-27,4471,3000,69031,USD
t002182,2026-02-27,2000,1000,8209,USD
t002183,2026-02-27,4000,2000,5240,USD
t002184,2026-02-27,1000,1200,164189,USD
t002185,2026-02-27,1000,1200,59075,USD
t002186,2026-02-27,4000,2000,3699,USD
t002187,2026-02-27,4000,1000,70014,USD
t002188,2026-02-27,1000,1200,9881,USD
t002189,2026-02-27,1200,3000,52070,USD
t002190,2026-02-27,6000,1000,187243,USD
t002191,2026-02-27,4000,2000,6511,USD
t002192,2026-02-27,1000,1200,119890,USD
t002193,2026-02-27,4000,2000,190358,USD
t002194,2026-02-27,6000,1000,48467,USD
t002195,2026-02-27,2000,1000,1681,USD
t002196,2026-02-27,1000,4471,82592,USD
t002197,2026-02-27,4471,3000,50329,USD
t002198,2026-02-27,1000,4471,218310,USD
t002199,2026-02-27,4000,1000,74804,USD
t002200,2026-02-28,1200,3000,175903,USD
t002201,2026-02-28,2000,1000,176611,USD
t002202,2026-02-28,1000,1200,242290,USD
t002203,2026-02-28,4000,2000,7140,USD
t002204,2026-02-28,4000,2000,8751,USD
t002205,2026-02-28,4471,3000,70759,USD
t002206,2026-02-28,4000,2000,2796,USD
t002207,2026-02-28,4000,1000,238969,USD
t002208,2026-02-28,4000,2000,2468,USD
t002209,2026-02-28,1200,3000,110247,USD
t002210,2026-02-28,6000,1000,9015,USD
t002211,2026-02-28,1000,4471,138507,USD
t002212,2026-02-28,1000,1200,115595,USD
t002213,2026-02-28,6000,1000,6546,USD
t002214,2026-02-28,4000,1000,92030,USD
t002215,2026-02-28,1000,1200,218010,USD
t002216,2026-02-28,4471,3000,168049,USD
t002217,2026-02-28,4000,1000,6739,USD
t002218,2026-02-28,2000,1000,216823,USD
t002219,2026-02-28,4000,1000,205779,USD
t002220,2026-02-28,1000,1200,121062,USD
t002221,2026-02-28,4000,2000,27644,USD
t002222,2026-02-28,6000,1000,241933,USD
t002223,2026-02-28,1000,1200,7225,USD
t002224,2026-02-28,6000,1000,1722,USD
t002225,2026-02-28,1200,3000,63498,USD
t002226,2026-02-28,1200,3000,166003,USD
t002227,2026-02-28,1000,4471,154360,USD
t002228,2026-02-28,1000,4471,7950,USD
t002229,2026-02-28,4000,1000,960,USD
t002230,2026-02-28,2000,1000,138990,USD
t002231,2026-02-28,4000,2000,4540,USD
t002232,2026-02-28,6000,1000,230368,USD
t002233,2026-02-28,1000,1200,55066,USD
t002234,2026-02-28,1200,3000,109955,USD
t002235,2026-02-28,4000,1000,247415,USD
t002236,2026-02-28,6000,1000,3864,USD
t002237,2026-02-28,4000,2000,423,USD
t002238,2026-02-28,2000,1000,316,USD
t002239,2026-02-28,1200,3000,166359,USD
t002240,2026-03-01,2000,1000,2786,USD
t002241,2026-03-01,1000,3000,133353,USD
t002242,2026-03-01,4471,3000,129639,USD
t002243,2026-03-01,2000,1000,59888,USD
t002244,2026-03-01,1000,1200,30388,USD
t002245,2026-03-01,4000,1000,161838,USD
t002246,2026-03-01,1000,4471,136321,USD
t002247,2026-03-01,2000,1000,19812,USD
t002248,2026-03-01,2000,1000,2559,USD
t002249,2026-03-01,6000,1000,111813,USD
t002250,2026-03-01,4000,1000,138209,USD
t002251,2026-03-01,1000,1200,4602,USD
t002252,2026-03-01,4000,1000,7227,USD
t002253,2026-03-01,6000,1000,5518,USD
t002254,2026-03-01,6000,1000,30969,USD
t002255,2026-03-01,1200,3000,9338,USD
t002256,2026-03-01,1000,4471,145898,USD
t002257,2026-03-01,2000,1000,2656,USD
t002258,2026-03-01,2000,1000,62675,USD
t002259,2026-03-01,2000,1000,227333,USD
t002260,2026-03-01,1200,3000,115143,USD
t002261,2026-03-01,2000,1000,7345,USD
t002262,2026-03-01,4000,2000,133305,USD
t002263,2026-03-01,1200,3000,74292,USD
t002264,2026-03-01,1200,3000,240749,USD
t002265,2026-03-01,6000,1000,8681,USD
t002266,2026-03-01,2000,1000,62892,USD
t002267,2026-03-01,1000,1200,7387,USD
t002268,2026-03-01,1000,4471,135489,USD
t002269,2026-03-01,2000,1000,1985,USD
t002270,2026-03-01,6000,1000,6662,USD
t002271,2026-03-01,4000,1000,239394,USD
t002272,2026-03-01,1200,3000,245706,USD
t002273,2026-03-01,4000,1000,6443,USD
t002274,2026-03-01,1000,3000,159635,USD
t002275,2026-03-01,1000,3000,112570,USD
t002276,2026-03-01,4000,2000,5302,USD
t002277,2026-03-01,2000,1000,6615,USD
t002278,2026-03-01,4000,1000,6056,USD
t002279,2026-03-01,4000,2000,3459,USD
t002280,2026-03-02,1000,1200,112792,USD
t002281,2026-03-02,1200,3000,9629,USD
t002282,2026-03-02,1200,3000,74105,USD
t002283,2026-03-02,1000,4471,4690,USD
t002284,2026-03-02,1000,3000,14275,USD
t002285,2026-03-02,4471,3000,177877,USD
t002286,2026-03-02,4471,3000,46433,USD
t002287,2026-03-02,1000,1200,160905,USD
t002288,2026-03-02,1000,4471,32125,USD
t002289,2026-03-02,1000,1200,236670,USD
t002290,2026-03-02,2000,1000,9355,USD
t002291,2026-03-02,1000,3000,16025,USD
t002292,2026-03-02,4000,2000,115882,USD
t002293,2026-03-02,1200,3000,114709,USD
t002294,2026-03-02,4000,2000,6678,USD
t002295,2026-03-02,6000,1000,111680,USD
t002296,2026-03-02,4000,1000,7488,USD
t002297,2026-03-02,4000,2000,95169,USD
t002298,2026-03-02,4000,2000,44463,USD
t002299,2026-03-02,2000,1000,44655,USD
t002300,2026-03-02,1200,3000,67103,USD
t002301,2026-03-02,1000,1200,80947,USD
t002302,2026-03-02,4471,3000,9010,USD
t002303,2026-03-02,1000,1200,245308,USD
t002304,2026-03-02,2000,1000,159632,USD
t002305,2026-03-02,4471,3000,140698,USD
t002306,2026-03-02,1000,3000,13655,USD
t002307,2026-03-02,4000,2000,104245,USD
t002308,2026-03-02,4000,2000,199794,USD
t002309,2026-03-02,1000,3000,6745,USD
t002310,2026-03-02,1000,1200,6604,USD
t002311,2026-03-02,1000,1200,168676,USD
t002312,2026-03-02,6000,1000,138186,USD
t002313,2026-03-02,6000,1000,31172,USD
t002314,2026-03-02,4000,1000,79386,USD
t002315,2026-03-02,4471,3000,7252,USD
t002316,2026-03-02,4000,2000,137362,USD
t002317,2026-03-02,4000,1000,2933,USD
t002318,2026-03-02,1000,3000,61192,USD
t002319,2026-03-02,1000,3000,52610,USD
t002320,2026-03-03,4000,1000,237710,USD
t002321,2026-03-03,1200,3000,175254,USD
t002322,2026-03-03,2000,1000,213196,USD
t002323,2026-03-03,1000,1200,220011,USD
t002324,2026-03-03,1000,3000,9474,USD
t002325,2026-03-03,1000,1200,179087,USD
t002326,2026-03-03,1000,1200,8776,USD
t002327,2026-03-03,2000,1000,7303,USD
t002328,2026-03-03,2000,1000,9395,USD
t002329,2026-03-03,2000,1000,239452,USD
t002330,2026-03-03,6000,1000,153729,USD
t002331,2026-03-03,4000,2000,1182,USD
t002332,2026-03-03,4000,2000,138942,USD
t002333,2026-03-03,4000,1000,4158,USD
t002334,2026-03-03,1000,1200,80180,USD
t002335,2026-03-03,1000,1200,9098,USD
t002336,2026-03-03,2000,1000,28790,USD
t002337,2026-03-03,4000,2000,192205,USD
t002338,2026-03-03,2000,1000,7234,USD
t002339,2026-03-03,6000,1000,151959,USD
t002340,2026-03-03,4471,3000,95093,USD
t002341,2026-03-03,4471,3000,209263,USD
t002342,2026-03-03,4000,1000,144987,USD
t002343,2026-03-03,2000,1000,3821,USD
t002344,2026-03-03,1000,3000,169626,USD
t002345,2026-03-03,4000,2000,237892,USD
t002346,2026-03-03,1000,3000,5699,USD
t002347,2026-03-03,6000,1000,101318,USD
t002348,2026-03-03,1000,3000,53003,USD
t002349,2026-03-03,4471,3000,47402,USD
t002350,2026-03-03,1000,4471,249349,USD
t002351,2026-03-03,4000,1000,209851,USD
t002352,2026-03-03,1000,4471,8895,USD
t002353,2026-03-03,1000,1200,4218,USD
t002354,2026-03-03,6000,1000,9017,USD
t002355,2026-03-03,4000,2000,78207,USD
t002356,2026-03-03,4000,2000,83284,USD
t002357,2026-03-03,6000,1000,214575,USD
t002358,2026-03-03,1000,3000,7791,USD
t002359,2026-03-03,4000,2000,163994,USD
t002360,2026-03-04,2000,1000,795,USD
t002361,2026-03-04,4000,2000,137244,USD
t002362,2026-03-04,6000,1000,26661,USD
t002363,2026-03-04,1000,1200,2102,USD
t002364,2026-03-04,4000,2000,110663,USD
t002365,2026-03-04,1000,3000,229695,USD
t002366,2026-03-04,4000,1000,142871,USD
t002367,2026-03-04,1200,3000,181736,USD
t002368,2026-03-04,2000,1000,8994,USD
t002369,2026-03-04,2000,1000,94715,USD
t002370,2026-03-04,4000,2000,163429,USD
t002371,2026-03-04,1000,3000,7896,USD
t002372,2026-03-04,1000,1200,118402,USD
t002373,2026-03-04,1000,4471,107487,USD
t002374,2026-03-04,1000,1200,236286,USD
t002375,2026-03-04,1000,1200,142837,USD
t002376,2026-03-04,6000,1000,18784,USD
t002377,2026-03-04,4000,2000,3816,USD
t002378,2026-03-04,6000,1000,99024,USD
t002379,2026-03-04,1000,1200,19943,USD
t002380,2026-03-04,1200,3000,59405,USD
t002381,2026-03-04,6000,1000,80139,USD
t002382,2026-03-04,6000,1000,1835,USD
t002383,2026-03-04,1000,1200,93063,USD
t002384,2026-03-04,1000,3000,134253,USD
t002385,2026-03-04,1200,3000,223593,USD
t002386,2026-03-04,2000,1000,6789,USD
t002387,2026-03-04,4000,1000,9638,USD
t002388,2026-03-04,1000,1200,7466,USD
t002389,2026-03-04,4000,2000,128117,USD
t002390,2026-03-04,4471,3000,91865,USD
t002391,2026-03-04,6000,1000,22174,USD
t002392,2026-03-04,1200,3000,8208,USD
t002393,2026-03-04,1000,3000,238487,USD
t002394,2026-03-04,1000,4471,165933,USD
t002395,2026-03-04,1000,4471,28671,USD
t002396,2026-03-04,1000,3000,4905,USD
t002397,2026-03-04,6000,1000,103754,USD
t002398,2026-03-04,1000,3000,6467,USD
t002399,2026-03-04,1200,3000,157652,USD
t002400,2026-03-05,1000,3000,43890,USD
t002401,2026-03-05,2000,1000,110239,USD
t002402,2026-03-05,2000,1000,7532,USD
t002403,2026-03-05,4000,1000,73588,USD
t002404,2026-03-05,6000,1000,33307,USD
t002405,2026-03-05,1000,3000,5756,USD
t002406,2026-03-05,4000,1000,9389,USD
t002407,2026-03-05,6000,1000,158152,USD
t002408,2026-03-05,6000,1000,198452,USD
t002409,2026-03-05,4471,3000,6519,USD
t002410,2026-03-05,4000,2000,127303,USD
t002411,2026-03-05,1000,3000,219075,USD
t002412,2026-03-05,1000,1200,153377,USD
t002413,2026-03-05,1000,4471,7517,USD
t002414,2026-03-05,4000,2000,177612,USD
t002415,2026-03-05,2000,1000,4384,USD
t002416,2026-03-05,1200,3000,329,USD
t002417,2026-03-05,4000,1000,7526,USD
t002418,2026-03-05,1000,3000,143213,USD
t002419,2026-03-05,2000,1000,200508,USD
t002420,2026-03-05,1000,1200,7450,USD
t002421,2026-03-05,4000,2000,248913,USD
t002422,2026-03-05,4000,2000,509,USD
t002423,2026-03-05,4000,2000,5204,USD
t002424,2026-03-05,1000,3000,191035,USD
t002425,2026-03-05,1000,1200,76777,USD
t002426,2026-03-05,4000,2000,189986,USD
t002427,2026-03-05,4000,2000,130314,USD
t002428,2026-03-05,6000,1000,71109,USD
t002429,2026-03-05,4000,2000,82531,USD
t002430,2026-03-05,4000,2000,181436,USD
t002431,2026-03-05,2000,1000,111456,USD
t002432,2026-03-05,1200,3000,7128,USD
t002433,2026-03-05,4000,1000,8826,USD
t002434,2026-03-05,1000,3000,229999,USD
t002435,2026-03-05,1000,3000,45705,USD
t002436,2026-03-05,1000,3000,131866,USD
t002437,2026-03-05,1000,3000,210915,USD
t002438,2026-03-05,6000,1000,76520,USD
t002439,2026-03-05,2000,1000,107210,USD
t002440,2026-03-06,1000,3000,2733,USD
t002441,2026-03-06,1000,4471,2757,USD
t002442,2026-03-06,4000,2000,114450,USD
t002443,2026-03-06,4000,1000,85670,USD
t002444,2026-03-06,4000,2000,177947,USD
t002445,2026-03-06,1000,1200,152024,USD
t002446,2026-03-06,2000,1000,242794,USD
t002447,2026-03-06,1000,3000,145298,USD
t002448,2026-03-06,2000,1000,130721,USD
t002449,2026-03-06,2000,1000,108451,USD
t002450,2026-03-06,1200,3000,62601,USD
t002451,2026-03-06,1000,4471,155294,USD
t002452,2026-03-06,2000,1000,14646,USD
t002453,2026-03-06,6000,1000,116494,USD
t002454,2026-03-06,4000,2000,35399,USD
t002455,2026-03-06,1200,3000,8519,USD
t002456,2026-03-06,4000,2000,5865,USD
t002457,2026-03-06,2000,1000,4427,USD
t002458,2026-03-06,4000,2000,1900,USD
t002459,2026-03-06,1000,1200,108435,USD
t002460,2026-03-06,1000,3000,200855,USD
t002461,2026-03-06,1000,3000,46772,USD
t002462,2026-03-06,4471,3000,118646,USD
t002463,2026-03-06,4000,2000,7014,USD
t002464,2026-03-06,1200,3000,75069,USD
t002465,2026-03-06,1000,1200,5204,USD
t002466,2026-03-06,4471,3000,3187,USD
t002467,2026-03-06,1200,3000,21526,USD
t002468,2026-03-06,2000,1000,94677,USD
t002469,2026-03-06,4000,2000,58075,USD
t002470,2026-03-06,1000,4471,85039,USD
t002471,2026-03-06,4000,2000,6631,USD
t002472,2026-03-06,1200,3000,528,USD
t002473,2026-03-06,1000,1200,7241,USD
t002474,2026-03-06,6000,1000,97260,USD
t002475,2026-03-06,1000,3000,6756,USD
t002476,2026-03-06,1000,1200,41452,USD
t002477,2026-03-06,1200,3000,101,USD
t002478,2026-03-06,4000,2000,189669,USD
t002479,2026-03-06,2000,1000,124136,USD
t002480,2026-03-07,1000,3000,74950,USD
t002481,2026-03-07,4471,3000,4726,USD
t002482,2026-03-07,2000,1000,211701,USD
t002483,2026-03-07,1200,3000,72629,USD
t002484,2026-03-07,1000,3000,176731,USD
t002485,2026-03-07,1000,4471,110725,USD
t002486,2026-03-07,4000,2000,71318,USD
t002487,2026-03-07,1000,1200,112386,USD
t002488,2026-03-07,4000,1000,30952,USD
t002489,2026-03-07,1200,3000,71515,USD
t002490,2026-03-07,1000,1200,10501,USD
t002491,2026-03-07,2000,1000,4461,USD
t002492,2026-03-07,4000,1000,5117,USD
t002493,2026-03-07,1000,1200,59031,USD
t002494,2026-03-07,4000,1000,248289,USD
t002495,2026-03-07,4000,2000,247101,USD
t002496,2026-03-07,1000,4471,2501,USD
t002497,2026-03-07,4000,2000,157182,USD
t002498,2026-03-07,6000,1000,238638,USD
t002499,2026-03-07,4000,1000,3185,USD
t002500,2026-03-07,4000,1000,6672,USD
t002501,2026-03-07,4000,2000,36309,USD
t002502,2026-03-07,4000,2000,246970,USD
t002503,2026-03-07,1000,1200,76311,USD
t002504,2026-03-07,4471,3000,92430,USD
t002505,2026-03-07,4000,2000,78191,USD
t002506,2026-03-07,1000,3000,124082,USD
t002507,2026-03-07,1000,1200,186130,USD
t002508,2026-03-07,4000,2000,123212,USD
t002509,2026-03-07,6000,1000,56025,USD
t002510,2026-03-07,2000,1000,92363,USD
t002511,2026-03-07,2000,1000,19476,USD
t002512,2026-03-07,4000,1000,6693,USD
t002513,2026-03-07,2000,1000,213938,USD
t002514,2026-03-07,1000,4471,85912,USD
t002515,2026-03-07,1000,4471,151842,USD
t002516,2026-03-07,2000,1000,155294,USD
t002517,2026-03-07,4000,2000,231142,USD
t002518,2026-03-07,6000,1000,153213,USD
t002519,2026-03-07,1000,1200,8225,USD
t002520,2026-03-08,1000,4471,6349,USD
t002521,2026-03-08,1200,3000,9058,USD
t002522,2026-03-08,2000,1000,107420,USD
t002523,2026-03-08,1000,1200,5653,USD
t002524,2026-03-08,4000,2000,3620,USD
t002525,2026-03-08,6000,1000,125579,USD
t002526,2026-03-08,1000,3000,20633,USD
t002527,2026-03-08,6000,1000,28957,USD
t002528,2026-03-08,4000,2000,38631,USD
t002529,2026-03-08,4000,1000,4359,USD
t002530,2026-03-08,4000,1000,241958,USD
t002531,2026-03-08,4471,3000,19069,USD
t002532,2026-03-08,1000,3000,197175,USD
t002533,2026-03-08,4000,2000,233384,USD
t002534,2026-03-08,1200,3000,148564,USD
t002535,2026-03-08,1000,1200,9320,USD
t002536,2026-03-08,1000,4471,238184,USD
t002537,2026-03-08,2000,1000,135911,USD
t002538,2026-03-08,1200,3000,98617,USD
t002539,2026-03-08,4000,2000,217802,USD
t002540,2026-03-08,6000,1000,3223,USD
t002541,2026-03-08,6000,1000,18523,USD
t002542,2026-03-08,1000,1200,62723,USD
t002543,2026-03-08,4000,2000,37223,USD
t002544,2026-03-08,1000,4471,161988,USD
t002545,2026-03-08,6000,1000,7871,USD
t002546,2026-03-08,1000,1200,162627,USD
t002547,2026-03-08,4000,2000,228454,USD
t002548,2026-03-08,2000,1000,70019,USD
t002549,2026-03-08,1000,3000,3618,USD
t002550,2026-03-08,1000,3000,55502,USD
t002551,2026-03-08,6000,1000,5714,USD
t002552,2026-03-08,6000,1000,677,USD
t002553,2026-03-08,4471,3000,2311,USD
t002554,2026-03-08,1000,3000,135576,USD
t002555,2026-03-08,1000,1200,105437,USD
t002556,2026-03-08,1000,1200,88919,USD
t002557,2026-03-08,4000,2000,4488,USD
t002558,2026-03-08,1000,3000,240786,USD
t002559,2026-03-08,6000,1000,125463,USD
t002560,2026-03-09,2000,1000,75279,USD
t002561,2026-03-09,4000,2000,147644,USD
t002562,2026-03-09,1000,3000,72282,USD
t002563,2026-03-09,4000,1000,234728,USD
t002564,2026-03-09,1000,3000,236175,USD
t002565,2026-03-09,4471,3000,97270,USD
t002566,2026-03-09,4471,3000,7878,USD
t002567,2026-03-09,2000,1000,237683,USD
t002568,2026-03-09,4471,3000,60100,USD
t002569,2026-03-09,1000,1200,18553,USD
t002570,2026-03-09,1000,4471,95265,USD
t002571,2026-03-09,2000,1000,8742,USD
t002572,2026-03-09,1000,1200,28869,USD
t002573,2026-03-09,4000,2000,84752,USD
t002574,2026-03-09,4000,2000,219230,USD
t002575,2026-03-09,4000,1000,77605,USD
t002576,2026-03-09,1000,4471,131961,USD
t002577,2026-03-09,2000,1000,90643,USD
t002578,2026-03-09,1000,1200,179349,USD
t002579,2026-03-09,1000,3000,244902,USD
t002580,2026-03-09,1200,3000,5017,USD
t002581,2026-03-09,6000,1000,6372,USD
t002582,2026-03-09,2000,1000,58086,USD
t002583,2026-03-09,4000,1000,169016,USD
t002584,2026-03-09,4000,1000,104,USD
t002585,2026-03-09,1200,3000,1184,USD
t002586,2026-03-09,2000,1000,49105,USD
t002587,2026-03-09,4000,1000,18970,USD
t002588,2026-03-09,6000,1000,6754,USD
t002589,2026-03-09,6000,1000,9423,USD
t002590,2026-03-09,1000,3000,2746,USD
t002591,2026-03-09,4000,1000,171122,USD
t002592,2026-03-09,1200,3000,247477,USD
t002593,2026-03-09,4000,2000,66834,USD
t002594,2026-03-09,1200,3000,203113,USD
t002595,2026-03-09,1000,4471,249790,USD
t002596,2026-03-09,4000,1000,163961,USD
t002597,2026-03-09,4000,2000,90536,USD
t002598,2026-03-09,2000,1000,1803,USD
t002599,2026-03-09,4000,1000,8888,USD
t002600,2026-03-10,4471,3000,476,USD
t002601,2026-03-10,1000,4471,153916,USD
t002602,2026-03-10,1000,1200,187378,USD
t002603,2026-03-10,1000,1200,208547,USD
t002604,2026-03-10,4471,3000,11011,USD
t002605,2026-03-10,1000,1200,8574,USD
t002606,2026-03-10,1000,4471,8319,USD
t002607,2026-03-10,4000,2000,13581,USD
t002608,2026-03-10,1000,3000,177185,USD
t002609,2026-03-10,6000,1000,710,USD
t002610,2026-03-10,1000,3000,53778,USD
t002611,2026-03-10,2000,1000,97439,USD
t002612,2026-03-10,1200,3000,8289,USD
t002613,2026-03-10,4000,1000,7937,USD
t002614,2026-03-10,2000,1000,93867,USD
t002615,2026-03-10,1000,3000,206597,USD
t002616,2026-03-10,2000,1000,151557,USD
t002617,2026-03-10,6000,1000,186694,USD
t002618,2026-03-10,1000,1200,247239,USD
t002619,2026-03-10,1000,4471,43011,USD
t002620,2026-03-10,4000,2000,1193,USD
t002621,2026-03-10,1000,4471,41476,USD
t002622,2026-03-10,1000,1200,3862,USD
t002623,2026-03-10,1000,4471,215013,USD
t002624,2026-03-10,1200,3000,215759,USD
t002625,2026-03-10,6000,1000,157775,USD
t002626,2026-03-10,4471,3000,181724,USD
t002627,2026-03-10,4000,1000,179249,USD
t002628,2026-03-10,2000,1000,48189,USD
t002629,2026-03-10,1000,4471,8301,USD
t002630,2026-03-10,1000,4471,9672,USD
t002631,2026-03-10,1000,4471,55681,USD
t002632,2026-03-10,4000,2000,80279,USD
t002633,2026-03-10,6000,1000,6149,USD
t002634,2026-03-10,1000,3000,3928,USD
t002635,2026-03-10,4000,2000,128032,USD
t002636,2026-03-10,1000,3000,183908,USD
t002637,2026-03-10,2000,1000,5864,USD
t002638,2026-03-10,1000,3000,70467,USD
t002639,2026-03-10,1000,1200,65207,USD
t002640,2026-03-11,4000,1000,2944,USD
t002641,2026-03-11,4000,2000,162173,USD
t002642,2026-03-11,1000,4471,3411,USD
t002643,2026-03-11,4000,2000,176121,USD
t002644,2026-03-11,1200,3000,33359,USD
t002645,2026-03-11,4000,2000,2747,USD
t002646,2026-03-11,1200,3000,143475,USD
t002647,2026-03-11,1000,1200,214947,USD
t002648,2026-03-11,4471,3000,8929,USD
t002649,2026-03-11,4000,2000,26056,USD
t002650,2026-03-11,1000,3000,6352,USD
t002651,2026-03-11,4471,3000,216438,USD
t002652,2026-03-11,1000,3000,189977,USD
t002653,2026-03-11,4000,2000,137044,USD
t002654,2026-03-11,1000,4471,3101,USD
t002655,2026-03-11,2000,1000,105562,USD
t002656,2026-03-11,4471,3000,193265,USD
t002657,2026-03-11,4000,1000,151996,USD
t002658,2026-03-11,2000,1000,8179,USD
t002659,2026-03-11,4000,2000,5562,USD
t002660,2026-03-11,6000,1000,77345,USD
t002661,2026-03-11,4000,1000,81871,USD
t002662,2026-03-11,1200,3000,175564,USD
t002663,2026-03-11,1000,1200,9981,USD
t002664,2026-03-11,1000,3000,7416,USD
t002665,2026-03-11,6000,1000,217889,USD
t002666,2026-03-11,4000,1000,22131,USD
t002667,2026-03-11,4000,1000,60687,USD
t002668,2026-03-11,1000,3000,4338,USD
t002669,2026-03-11,1000,4471,226155,USD
t002670,2026-03-11,1200,3000,82423,USD
t002671,2026-03-11,1200,3000,1542,USD
t002672,2026-03-11,1000,1200,5974,USD
t002673,2026-03-11,1200,3000,100324,USD
t002674,2026-03-11,2000,1000,8426,USD
t002675,2026-03-11,1000,4471,79209,USD
t002676,2026-03-11,4471,3000,2517,USD
t002677,2026-03-11,4000,2000,175311,USD
t002678,2026-03-11,6000,1000,8615,USD
t002679,2026-03-11,4471,3000,126471,USD
t002680,2026-03-12,4000,2000,158549,USD
t002681,2026-03-12,1000,1200,142449,USD
t002682,2026-03-12,4000,2000,3670,USD
t002683,2026-03-12,1200,3000,157097,USD
t002684,2026-03-12,6000,1000,971,USD
t002685,2026-03-12,1000,3000,229981,USD
t002686,2026-03-12,4000,1000,65055,USD
t002687,2026-03-12,6000,1000,83295,USD
t002688,2026-03-12,1000,3000,36104,USD
t002689,2026-03-12,1000,4471,378,USD
t002690,2026-03-12,1000,4471,6782,USD
t002691,2026-03-12,1200,3000,149592,USD
t002692,2026-03-12,4000,2000,229909,USD
t002693,2026-03-12,1000,3000,18320,USD
t002694,2026-03-12,2000,1000,146763,USD
t002695,2026-03-12,1000,3000,7836,USD
t002696,2026-03-12,1000,3000,62678,USD
t002697,2026-03-12,4471,3000,119177,USD
t002698,2026-03-12,1200,3000,76666,USD
t002699,2026-03-12,4471,3000,197978,USD
t002700,2026-03-12,1200,3000,182044,USD
t002701,2026-03-12,1200,3000,170441,USD
t002702,2026-03-12,4471,3000,1002,USD
t002703,2026-03-12,6000,1000,3901,USD
t002704,2026-03-12,1000,1200,24032,USD
t002705,2026-03-12,4000,2000,238676,USD
t002706,2026-03-12,4471,3000,231087,USD
t002707,2026-03-12,1000,4471,206407,USD
t002708,2026-03-12,1200,3000,4440,USD
t002709,2026-03-12,4000,1000,4987,USD
t002710,2026-03-12,1200,3000,213751,USD
t002711,2026-03-12,4000,1000,245326,USD
t002712,2026-03-12,1000,1200,1096,USD
t002713,2026-03-12,4000,1000,74810,USD
t002714,2026-03-12,2000,1000,45046,USD
t002715,2026-03-12,1000,4471,2689,USD
t002716,2026-03-12,2000,1000,6242,USD
t002717,2026-03-12,1000,3000,123638,USD
t002718,2026-03-12,6000,1000,18609,USD
t002719,2026-03-12,1000,3000,231587,USD
t002720,2026-03-13,4000,2000,163852,USD
t002721,2026-03-13,4000,1000,6049,USD
t002722,2026-03-13,2000,1000,8914,USD
t002723,2026-03-13,6000,1000,488,USD
t002724,2026-03-13,2000,1000,105498,USD
t002725,2026-03-13,4000,2000,482,USD
t002726,2026-03-13,2000,1000,101424,USD
t002727,2026-03-13,4000,2000,201622,USD
t002728,2026-03-13,1000,3000,8555,USD
t002729,2026-03-13,1000,3000,11667,USD
t002730,2026-03-13,1200,3000,205558,USD
t002731,2026-03-13,4471,3000,8855,USD
t002732,2026-03-13,6000,1000,218907,USD
t002733,2026-03-13,4000,2000,9827,USD
t002734,2026-03-13,1000,1200,6527,USD
t002735,2026-03-13,4471,3000,224459,USD
t002736,2026-03-13,6000,1000,155420,USD
t002737,2026-03-13,2000,1000,45291,USD
t002738,2026-03-13,1000,1200,57170,USD
t002739,2026-03-13,2000,1000,2185,USD
t002740,2026-03-13,1000,1200,213624,USD
t002741,2026-03-13,2000,1000,6892,USD
t002742,2026-03-13,6000,1000,235281,USD
t002743,2026-03-13,4000,1000,215428,USD
t002744,2026-03-13,1000,3000,229161,USD
t002745,2026-03-13,2000,1000,116257,USD
t002746,2026-03-13,1000,1200,195306,USD
t002747,2026-03-13,1200,3000,9475,USD
t002748,2026-03-13,1000,4471,7531,USD
t002749,2026-03-13,4000,2000,172547,USD
t002750,2026-03-13,4000,2000,214290,USD
t002751,2026-03-13,1000,1200,189215,USD
t002752,2026-03-13,1000,4471,136004,USD
t002753,2026-03-13,4000,1000,4848,USD
t002754,2026-03-13,6000,1000,58758,USD
t002755,2026-03-13,4000,2000,2152,USD
t002756,2026-03-13,4000,1000,242322,USD
t002757,2026-03-13,6000,1000,189098,USD
t002758,2026-03-13,2000,1000,230002,USD
t002759,2026-03-13,1000,4471,158455,USD
t002760,2026-03-14,4000,1000,6807,USD
t002761,2026-03-14,1000,3000,4071,USD
t002762,2026-03-14,1000,4471,2868,USD
t002763,2026-03-14,4000,2000,34406,USD
t002764,2026-03-14,4471,3000,4715,USD
t002765,2026-03-14,4000,1000,7529,USD
t002766,2026-03-14,4000,1000,646,USD
t002767,2026-03-14,6000,1000,10999,USD
t002768,2026-03-14,4000,2000,168367,USD
t002769,2026-03-14,4000,2000,6171,USD
t002770,2026-03-14,6000,1000,95187,USD
t002771,2026-03-14,4000,1000,221228,USD
t002772,2026-03-14,6000,1000,69933,USD
t002773,2026-03-14,1000,1200,7769,USD
t002774,2026-03-14,1000,1200,129552,USD
t002775,2026-03-14,4000,1000,170532,USD
t002776,2026-03-14,1000,1200,18349,USD
t002777,2026-03-14,1200,3000,1764,USD
t002778,2026-03-14,2000,1000,220802,USD
t002779,2026-03-14,4000,2000,75209,USD
t002780,2026-03-14,4000,2000,627,USD
t002781,2026-03-14,1000,1200,182179,USD
t002782,2026-03-14,4471,3000,232553,USD
t002783,2026-03-14,4471,3000,1258,USD
t002784,2026-03-14,6000,1000,38204,USD
t002785,2026-03-14,1200,3000,131951,USD
t002786,2026-03-14,4000,1000,33071,USD
t002787,2026-03-14,1200,3000,54255,USD
t002788,2026-03-14,2000,1000,126575,USD
t002789,2026-03-14,1000,1200,86978,USD
t002790,2026-03-14,2000,1000,9058,USD
t002791,2026-03-14,4000,2000,6132,USD
t002792,2026-03-14,4000,2000,112554,USD
t002793,2026-03-14,1000,1200,88916,USD
t002794,2026-03-14,2000,1000,88837,USD
t002795,2026-03-14,1000,1200,139606,USD
t002796,2026-03-14,1200,3000,6878,USD
t002797,2026-03-14,4000,1000,27183,USD
t002798,2026-03-14,1000,3000,360,USD
t002799,2026-03-14,4000,1000,162243,USD
t002800,2026-03-15,4000,2000,131563,USD
t002801,2026-03-15,1000,4471,61070,USD
t002802,2026-03-15,1000,3000,121559,USD
t002803,2026-03-15,6000,1000,4633,USD
t002804,2026-03-15,4000,2000,88012,USD
t002805,2026-03-15,1200,3000,230318,USD
t002806,2026-03-15,1200,3000,249269,USD
t002807,2026-03-15,4000,1000,6024,USD
t002808,2026-03-15,2000,1000,238024,USD
t002809,2026-03-15,2000,1000,93730,USD
t002810,2026-03-15,1000,3000,4613,USD
t002811,2026-03-15,2000,1000,7458,USD
t002812,2026-03-15,4000,2000,5595,USD
t002813,2026-03-15,1000,3000,112867,USD
t002814,2026-03-15,1000,4471,140271,USD
t002815,2026-03-15,1000,1200,3723,USD
t002816,2026-03-15,4471,3000,221416,USD
t002817,2026-03-15,4471,3000,19281,USD
t002818,2026-03-15,1000,1200,45691,USD
t002819,2026-03-15,4471,3000,81969,USD
t002820,2026-03-15,1000,3000,1913,USD
t002821,2026-03-15,1200,3000,27586,USD
t002822,2026-03-15,1200,3000,93833,USD
t002823,2026-03-15,1200,3000,226496,USD
t002824,2026-03-15,4000,1000,173600,USD
t002825,2026-03-15,4000,1000,108783,USD
t002826,2026-03-15,2000,1000,122357,USD
t002827,2026-03-15,1000,1200,88295,USD
t002828,2026-03-15,4471,3000,5704,USD
t002829,2026-03-15,1200,3000,170032,USD
t002830,2026-03-15,6000,1000,191208,USD
t002831,2026-03-15,1000,1200,12562,USD
t002832,2026-03-15,4000,2000,9805,USD
t002833,2026-03-15,1200,3000,264,USD
t002834,2026-03-15,4000,2000,1274,USD
t002835,2026-03-15,1000,1200,65790,USD
t002836,2026-03-15,4000,1000,104452,USD
t002837,2026-03-15,6000,1000,4042,USD
t002838,2026-03-15,1000,4471,6907,USD
t002839,2026-03-15,4000,2000,8042,USD
t002840,2026-03-16,6000,1000,104555,USD
t002841,2026-03-16,6000,1000,62374,USD
t002842,2026-03-16,4000,2000,333,USD
t002843,2026-03-16,4000,1000,32343,USD
t002844,2026-03-16,4471,3000,232070,USD
t002845,2026-03-16,4000,2000,924,USD
t002846,2026-03-16,1000,1200,20443,USD
t002847,2026-03-16,4471,3000,130235,USD
t002848,2026-03-16,2000,1000,9823,USD
t002849,2026-03-16,1000,4471,8222,USD
t002850,2026-03-16,6000,1000,172742,USD
t002851,2026-03-16,4000,2000,3226,USD
t002852,2026-03-16,1000,3000,183643,USD
t002853,2026-03-16,4471,3000,234621,USD
t002854,2026-03-16,1000,1200,140993,USD
t002855,2026-03-16,1000,1200,5977,USD
t002856,2026-03-16,4000,2000,46633,USD
t002857,2026-03-16,2000,1000,8163,USD
t002858,2026-03-16,4471,3000,147546,USD
t002859,2026-03-16,4471,3000,126898,USD
t002860,2026-03-16,4000,2000,2727,USD
t002861,2026-03-16,4000,1000,101526,USD
t002862,2026-03-16,6000,1000,121962,USD
t002863,2026-03-16,2000,1000,222814,USD
t002864,2026-03-16,1000,4471,77883,USD
t002865,2026-03-16,1200,3000,193113,USD
t002866,2026-03-16,1000,3000,21082,USD
t002867,2026-03-16,1000,3000,236632,USD
t002868,2026-03-16,1200,3000,3181,USD
t002869,2026-03-16,1000,3000,176505,USD
t002870,2026-03-16,4471,3000,222514,USD
t002871,2026-03-16,4471,3000,25509,USD
t002872,2026-03-16,2000,1000,131903,USD
t002873,2026-03-16,6000,1000,179368,USD
t002874,2026-03-16,4000,1000,114015,USD
t002875,2026-03-16,2000,1000,72137,USD
t002876,2026-03-16,4000,2000,3266,USD
t002877,2026-03-16,1000,1200,99270,USD
t002878,2026-03-16,4000,2000,3995,USD
t002879,2026-03-16,1000,4471,100723,USD
t002880,2026-03-17,1000,4471,4154,USD
t002881,2026-03-17,1000,1200,66191,USD
t002882,2026-03-17,4471,3000,7516,USD
t002883,2026-03-17,4000,1000,3777,USD
t002884,2026-03-17,4000,2000,202359,USD
t002885,2026-03-17,1000,4471,5411,USD
t002886,2026-03-17,2000,1000,242836,USD
t002887,2026-03-17,2000,1000,160604,USD
t002888,2026-03-17,6000,1000,136605,USD
t002889,2026-03-17,1000,4471,32733,USD
t002890,2026-03-17,2000,1000,165018,USD
t002891,2026-03-17,6000,1000,105819,USD
t002892,2026-03-17,2000,1000,156701,USD
t002893,2026-03-17,1000,3000,232551,USD
t002894,2026-03-17,1000,3000,88764,USD
t002895,2026-03-17,4471,3000,247798,USD
t002896,2026-03-17,4000,2000,2317,USD
t002897,2026-03-17,1000,1200,169765,USD
t002898,2026-03-17,1000,1200,5538,USD
t002899,2026-03-17,2000,1000,72017,USD
t002900,2026-03-17,4471,3000,67590,USD
t002901,2026-03-17,1000,1200,7665,USD
t002902,2026-03-17,4000,1000,1468,USD
t002903,2026-03-17,1000,3000,1422,USD
t002904,2026-03-17,4471,3000,186126,USD
t002905,2026-03-17,6000,1000,215440,USD
t002906,2026-03-17,1200,3000,28977,USD
t002907,2026-03-17,1000,4471,130626,USD
t002908,2026-03-17,6000,1000,2651,USD
t002909,2026-03-17,4000,2000,80881,USD
t002910,2026-03-17,1000,1200,7870,USD
t002911,2026-03-17,1000,1200,242843,USD
t002912,2026-03-17,1000,3000,9006,USD
t002913,2026-03-17,2000,1000,174096,USD
t002914,2026-03-17,2000,1000,2175,USD
t002915,2026-03-17,1000,1200,99585,USD
t002916,2026-03-17,6000,1000,111976,USD
t002917,2026-03-17,2000,1000,7136,USD
t002918,2026-03-17,6000,1000,89882,USD
t002919,2026-03-17,4000,2000,8658,USD
t002920,2026-03-18,1000,1200,41853,USD
t002921,2026-03-18,2000,1000,14297,USD
t002922,2026-03-18,1000,1200,9030,USD
t002923,2026-03-18,1000,3000,134312,USD
t002924,2026-03-18,1000,3000,220705,USD
t002925,2026-03-18,4000,2000,215027,USD
t002926,2026-03-18,1000,4471,158733,USD
t002927,2026-03-18,4000,2000,57921,USD
t002928,2026-03-18,4000,1000,1154,USD
t002929,2026-03-18,1000,3000,3583,USD
t002930,2026-03-18,1200,3000,2305,USD
t002931,2026-03-18,1000,3000,205566,USD
t002932,2026-03-18,2000,1000,4124,USD
t002933,2026-03-18,1000,4471,153867,USD
t002934,2026-03-18,1000,4471,200727,USD
t002935,2026-03-18,4000,2000,4852,USD
t002936,2026-03-18,4000,2000,167499,USD
t002937,2026-03-18,2000,1000,156532,USD
t002938,2026-03-18,2000,1000,7395,USD
t002939,2026-03-18,1000,1200,148139,USD
t002940,2026-03-18,1000,1200,59612,USD
t002941,2026-03-18,1000,1200,9101,USD
t002942,2026-03-18,1000,4471,210533,USD
t002943,2026-03-18,1000,3000,32628,USD
t002944,2026-03-18,2000,1000,27376,USD
t002945,2026-03-18,1000,3000,2643,USD
t002946,2026-03-18,4000,2000,164374,USD
t002947,2026-03-18,4471,3000,6995,USD
t002948,2026-03-18,1200,3000,67264,USD
t002949,2026-03-18,4000,1000,227827,USD
t002950,2026-03-18,6000,1000,9191,USD
t002951,2026-03-18,1000,4471,78365,USD
t002952,2026-03-18,2000,1000,36688,USD
t002953,2026-03-18,2000,1000,125277,USD
t002954,2026-03-18,4000,1000,4997,USD
t002955,2026-03-18,1200,3000,114156,USD
t002956,2026-03-18,1000,4471,30040,USD
t002957,2026-03-18,6000,1000,134800,USD
t002958,2026-03-18,2000,1000,18558,USD
t002959,2026-03-18,1000,3000,52985,USD
t002960,2026-03-19,1000,3000,50638,USD
t002961,2026-03-19,2000,1000,69724,USD
t002962,2026-03-19,4471,3000,45183,USD
t002963,2026-03-19,2000,1000,190576,USD
t002964,2026-03-19,2000,1000,133960,USD
t002965,2026-03-19,1200,3000,9945,USD
t002966,2026-03-19,1200,3000,928,USD
t002967,2026-03-19,1000,1200,6991,USD
t002968,2026-03-19,4471,3000,136869,USD
t002969,2026-03-19,1000,4471,79940,USD
t002970,2026-03-19,1000,1200,224359,USD
t002971,2026-03-19,1000,3000,2424,USD
t002972,2026-03-19,1000,1200,51721,USD
t002973,2026-03-19,1200,3000,37450,USD
t002974,2026-03-19,6000,1000,130774,USD
t002975,2026-03-19,6000,1000,142007,USD
t002976,2026-03-19,4471,3000,375,USD
t002977,2026-03-19,1200,3000,25575,USD
t002978,2026-03-19,4000,1000,1750,USD
t002979,2026-03-19,1000,4471,13789,USD
t002980,2026-03-19,4471,3000,4901,USD
t002981,2026-03-19,2000,1000,148936,USD
t002982,2026-03-19,1000,1200,228991,USD
t002983,2026-03-19,1200,3000,6895,USD
t002984,2026-03-19,4000,2000,60548,USD
t002985,2026-03-19,1000,1200,8299,USD
t002986,2026-03-19,4471,3000,7475,USD
t002987,2026-03-19,2000,1000,160646,USD
t002988,2026-03-19,4000,1000,18995,USD
t002989,2026-03-19,2000,1000,23842,USD
t002990,2026-03-19,2000,1000,594,USD
t002991,2026-03-19,1000,3000,5408,USD
t002992,2026-03-19,1000,3000,173566,USD
t002993,2026-03-19,1000,1200,11396,USD
t002994,2026-03-19,1200,3000,226237,USD
t002995,2026-03-19,4000,2000,56952,USD
t002996,2026-03-19,4000,2000,210975,USD
t002997,2026-03-19,4000,2000,213851,USD
t002998,2026-03-19,1000,1200,125103,USD
t002999,2026-03-19,1200,3000,2360,USD
t003000,2026-03-20,4000,1000,211050,USD
t003001,2026-03-20,1000,3000,32864,USD
t003002,2026-03-20,4000,2000,16941,USD
t003003,2026-03-20,6000,1000,2788,USD
t003004,2026-03-20,1000,1200,30170,USD
t003005,2026-03-20,4000,2000,228805,USD
t003006,2026-03-20,1200,3000,21571,USD
t003007,2026-03-20,1200,3000,5087,USD
t003008,2026-03-20,1200,3000,3337,USD
t003009,2026-03-20,2000,1000,88594,USD
t003010,2026-03-20,4000,1000,134206,USD
t003011,2026-03-20,2000,1000,218432,USD
t003012,2026-03-20,1200,3000,114150,USD
t003013,2026-03-20,1000,3000,119205,USD
t003014,2026-03-20,1000,1200,7061,USD
t003015,2026-03-20,1000,1200,19639,USD
t003016,2026-03-20,2000,1000,239075,USD
t003017,2026-03-20,1000,4471,64401,USD
t003018,2026-03-20,4471,3000,90564,USD
t003019,2026-03-20,1000,3000,5538,USD
t003020,2026-03-20,4000,1000,36835,USD
t003021,2026-03-20,4000,2000,162875,USD
t003022,2026-03-20,1000,3000,101686,USD
t003023,2026-03-20,1000,1200,52122,USD
t003024,2026-03-20,1000,1200,43446,USD
t003025,2026-03-20,1000,3000,21920,USD
t003026,2026-03-20,1200,3000,16741,USD
t003027,2026-03-20,2000,1000,232749,USD
t003028,2026-03-20,4000,2000,89809,USD
t003029,2026-03-20,4471,3000,103020,USD
t003030,2026-03-20,1000,3000,194000,USD
t003031,2026-03-20,1000,1200,3638,USD
t003032,2026-03-20,4000,2000,249044,USD
t003033,2026-03-20,4000,1000,176539,USD
t003034,2026-03-20,4000,1000,56014,USD
t003035,2026-03-20,4471,3000,23307,USD
t003036,2026-03-20,1000,1200,209037,USD
t003037,2026-03-20,4000,1000,186768,USD
t003038,2026-03-20,4000,2000,72152,USD
t003039,2026-03-20,6000,1000,77088,USD
t003040,2026-03-21,1200,3000,5819,USD
t003041,2026-03-21,1000,1200,43765,USD
t003042,2026-03-21,4000,2000,122473,USD
t003043,2026-03-21,4471,3000,125760,USD
t003044,2026-03-21,4000,2000,2241,USD
t003045,2026-03-21,6000,1000,157258,USD
t003046,2026-03-21,1000,4471,4249,USD
t003047,2026-03-21,2000,1000,81287,USD
t003048,2026-03-21,4000,2000,7334,USD
t003049,2026-03-21,1000,1200,68602,USD
t003050,2026-03-21,1200,3000,128255,USD
t003051,2026-03-21,4000,2000,11628,USD
t003052,2026-03-21,6000,1000,168879,USD
t003053,2026-03-21,1000,3000,830,USD
t003054,2026-03-21,4000,2000,179530,USD
t003055,2026-03-21,4000,2000,238121,USD
t003056,2026-03-21,4000,2000,85242,USD
t003057,2026-03-21,2000,1000,7226,USD
t003058,2026-03-21,2000,1000,117187,USD
t003059,2026-03-21,1000,4471,61215,USD
t003060,2026-03-21,1000,3000,179230,USD
t003061,2026-03-21,4000,2000,199462,USD
t003062,2026-03-21,4471,3000,188560,USD
t003063,2026-03-21,1000,1200,3248,USD
t003064,2026-03-21,1000,1200,7547,USD
t003065,2026-03-21,6000,1000,137187,USD
t003066,2026-03-21,4000,2000,2407,USD
t003067,2026-03-21,1000,1200,80940,USD
t003068,2026-03-21,6000,1000,199682,USD
t003069,2026-03-21,4000,2000,155105,USD
t003070,2026-03-21,4471,3000,4492,USD
t003071,2026-03-21,4000,1000,162313,USD
t003072,2026-03-21,1200,3000,53042,USD
t003073,2026-03-21,1200,3000,129146,USD
t003074,2026-03-21,1000,3000,107,USD
t003075,2026-03-21,6000,1000,6300,USD
t003076,2026-03-21,4000,2000,53896,USD
t003077,2026-03-21,6000,1000,5066,USD
t003078,2026-03-21,1000,1200,6690,USD
t003079,2026-03-21,1000,1200,8497,USD
t003080,2026-03-22,4000,1000,100762,USD
t003081,2026-03-22,1200,3000,4341,USD
t003082,2026-03-22,1000,4471,198464,USD
t003083,2026-03-22,1000,3000,93778,USD
t003084,2026-03-22,1200,3000,68223,USD
t003085,2026-03-22,1000,1200,43270,USD
t003086,2026-03-22,2000,1000,82331,USD
t003087,2026-03-22,1000,1200,8493,USD
t003088,2026-03-22,4471,3000,42785,USD
t003089,2026-03-22,2000,1000,183929,USD
t003090,2026-03-22,4471,3000,64272,USD
t003091,2026-03-22,6000,1000,3564,USD
t003092,2026-03-22,6000,1000,67741,USD
t003093,2026-03-22,4471,3000,4776,USD
t003094,2026-03-22,4000,2000,25106,USD
t003095,2026-03-22,1000,1200,681,USD
t003096,2026-03-22,4000,2000,61989,USD
t003097,2026-03-22,4000,2000,2216,USD
t003098,2026-03-22,1000,4471,34660,USD
t003099,2026-03-22,1000,1200,173471,USD
t003100,2026-03-22,2000,1000,7627,USD
t003101,2026-03-22,4000,1000,198952,USD
t003102,2026-03-22,1000,1200,210177,USD
t003103,2026-03-22,4000,2000,190407,USD
t003104,2026-03-22,6000,1000,105390,USD
t003105,2026-03-22,2000,1000,155176,USD
t003106,2026-03-22,6000,1000,246333,USD
t003107,2026-03-22,1000,1200,209208,USD
t003108,2026-03-22,1200,3000,214167,USD
t003109,2026-03-22,2000,1000,6690,USD
t003110,2026-03-22,2000,1000,128144,USD
t003111,2026-03-22,1000,1200,182297,USD
t003112,2026-03-22,1000,4471,230098,USD
t003113,2026-03-22,1000,1200,60150,USD
t003114,2026-03-22,4000,2000,36343,USD
t003115,2026-03-22,1000,3000,168627,USD
t003116,2026-03-22,4471,3000,108645,USD
t003117,2026-03-22,4000,2000,5102,USD
t003118,2026-03-22,4000,1000,103362,USD
t003119,2026-03-22,6000,1000,171330,USD
t003120,2026-03-23,4000,2000,5060,USD
t003121,2026-03-23,1200,3000,6600,USD
t003122,2026-03-23,1000,1200,30940,USD
t003123,2026-03-23,1000,1200,2113,USD
t003124,2026-03-23,4000,2000,4134,USD
t003125,2026-03-23,4000,2000,95860,USD
t003126,2026-03-23,4471,3000,5468,USD
t003127,2026-03-23,4000,2000,54421,USD
t003128,2026-03-23,1200,3000,78289,USD
t003129,2026-03-23,4000,1000,171442,USD
t003130,2026-03-23,1000,3000,3101,USD
t003131,2026-03-23,2000,1000,28189,USD
t003132,2026-03-23,4471,3000,83719,USD
t003133,2026-03-23,4000,2000,1426,USD
t003134,2026-03-23,2000,1000,4237,USD
t003135,2026-03-23,2000,1000,127824,USD
t003136,2026-03-23,4471,3000,173652,USD
t003137,2026-03-23,2000,1000,127969,USD
t003138,2026-03-23,2000,1000,116832,USD
t003139,2026-03-23,1000,1200,4577,USD
t003140,2026-03-23,1000,4471,221308,USD
t003141,2026-03-23,4000,2000,249881,USD
t003142,2026-03-23,1000,1200,132069,USD
t003143,2026-03-23,1000,1200,100788,USD
t003144,2026-03-23,2000,1000,244308,USD
t003145,2026-03-23,1000,3000,46745,USD
t003146,2026-03-23,4000,2000,172362,USD
t003147,2026-03-23,2000,1000,73667,USD
t003148,2026-03-23,1200,3000,200721,USD
t003149,2026-03-23,1000,3000,8737,USD
t003150,2026-03-23,1000,1200,802,USD
t003151,2026-03-23,2000,1000,187625,USD
t003152,2026-03-23,1200,3000,156164,USD
t003153,2026-03-23,1000,1200,144873,USD
t003154,2026-03-23,2000,1000,112,USD
t003155,2026-03-23,1000,4471,239244,USD
t003156,2026-03-23,1000,4471,197834,USD
t003157,2026-03-23,1000,4471,85872,USD
t003158,2026-03-23,1000,1200,217793,USD
t003159,2026-03-23,1000,3000,5102,USD
t003160,2026-03-24,1000,1200,95172,USD
t003161,2026-03-24,1000,3000,5747,USD
t003162,2026-03-24,4000,2000,221997,USD
t003163,2026-03-24,1200,3000,141280,USD
t003164,2026-03-24,1000,4471,221653,USD
t003165,2026-03-24,1000,4471,3429,USD
t003166,2026-03-24,1200,3000,111847,USD
t003167,2026-03-24,6000,1000,97596,USD
t003168,2026-03-24,4471,3000,100465,USD
t003169,2026-03-24,1000,3000,5345,USD
t003170,2026-03-24,2000,1000,136920,USD
t003171,2026-03-24,4471,3000,22413,USD
t003172,2026-03-24,1000,4471,118392,USD
t003173,2026-03-24,4000,2000,131455,USD
t003174,2026-03-24,1000,3000,159180,USD
t003175,2026-03-24,2000,1000,7361,USD
t003176,2026-03-24,4471,3000,5450,USD
t003177,2026-03-24,1200,3000,792,USD
t003178,2026-03-24,4000,1000,109852,USD
t003179,2026-03-24,4000,1000,32258,USD
t003180,2026-03-24,4000,2000,190095,USD
t003181,2026-03-24,4000,2000,186279,USD
t003182,2026-03-24,1200,3000,70704,USD
t003183,2026-03-24,4000,2000,164014,USD
t003184,2026-03-24,4000,2000,3228,USD
t003185,2026-03-24,1200,3000,129440,USD
t003186,2026-03-24,1200,3000,124640,USD
t003187,2026-03-24,4000,1000,232103,USD
t003188,2026-03-24,6000,1000,21186,USD
t003189,2026-03-24,1200,3000,180167,USD
t003190,2026-03-24,1200,3000,115344,USD
t003191,2026-03-24,4000,2000,130419,USD
t003192,2026-03-24,4000,1000,97497,USD
t003193,2026-03-24,4000,2000,7763,USD
t003194,2026-03-24,4000,2000,120926,USD
t003195,2026-03-24,2000,1000,548,USD
t003196,2026-03-24,1000,1200,75755,USD
t003197,2026-03-24,4000,1000,2088,USD
t003198,2026-03-24,4000,2000,165162,USD
t003199,2026-03-24,4000,2000,4587,USD
t003200,2026-03-25,1000,4471,4072,USD
